timestamp, siteid, sensorid, value
Tue Jan 07 2020 00:00:00 PST,1,1,34
Tue Jan 07 2020 00:00:00 PST,1,2,5
Tue Jan 07 2020 00:00:00 PST,1,3,148
Tue Jan 07 2020 00:00:00 PST,2,1,0
Tue Jan 07 2020 00:00:00 PST,2,2,5
Tue Jan 07 2020 00:00:00 PST,2,3,448
Tue Jan 07 2020 00:00:00 PST,3,1,62
Tue Jan 07 2020 00:00:00 PST,3,2,5
Tue Jan 07 2020 00:00:00 PST,3,3,67
Tue Jan 07 2020 00:00:00 PST,4,1,437
Tue Jan 07 2020 00:00:00 PST,4,2,5
Tue Jan 07 2020 00:00:00 PST,4,3,296
Tue Jan 07 2020 00:15:00 PST,1,1,#ERROR#
Tue Jan 07 2020 00:15:00 PST,1,2,5
Tue Jan 07 2020 00:15:00 PST,1,3,405
Tue Jan 07 2020 00:15:00 PST,2,1,43
Tue Jan 07 2020 00:15:00 PST,2,2,5
Tue Jan 07 2020 00:15:00 PST,2,3,385
Tue Jan 07 2020 00:15:00 PST,3,1,3
Tue Jan 07 2020 00:15:00 PST,3,2,5
Tue Jan 07 2020 00:15:00 PST,3,3,395
Tue Jan 07 2020 00:15:00 PST,4,1,212
Tue Jan 07 2020 00:15:00 PST,4,2,5
Tue Jan 07 2020 00:15:00 PST,4,3,29
Tue Jan 07 2020 00:30:00 PST,1,1,160
Tue Jan 07 2020 00:30:00 PST,1,2,5
Tue Jan 07 2020 00:30:00 PST,1,3,57
Tue Jan 07 2020 00:30:00 PST,2,1,31
Tue Jan 07 2020 00:30:00 PST,2,2,5
Tue Jan 07 2020 00:30:00 PST,2,3,304
Tue Jan 07 2020 00:30:00 PST,3,1,13
Tue Jan 07 2020 00:30:00 PST,3,2,5
Tue Jan 07 2020 00:30:00 PST,3,3,19
Tue Jan 07 2020 00:30:00 PST,4,1,#ERROR#
Tue Jan 07 2020 00:30:00 PST,4,2,5
Tue Jan 07 2020 00:30:00 PST,4,3,312
Tue Jan 07 2020 00:45:00 PST,1,1,448
Tue Jan 07 2020 00:45:00 PST,1,2,5
Tue Jan 07 2020 00:45:00 PST,1,3,47
Tue Jan 07 2020 00:45:00 PST,2,1,130
Tue Jan 07 2020 00:45:00 PST,2,2,5
Tue Jan 07 2020 00:45:00 PST,2,3,49
Tue Jan 07 2020 00:45:00 PST,3,1,448
Tue Jan 07 2020 00:45:00 PST,3,2,5
Tue Jan 07 2020 00:45:00 PST,3,3,206
Tue Jan 07 2020 00:45:00 PST,4,1,20
Tue Jan 07 2020 00:45:00 PST,4,2,5
Tue Jan 07 2020 00:45:00 PST,4,3,17
Tue Jan 07 2020 01:00:00 PST,1,1,206
Tue Jan 07 2020 01:00:00 PST,1,2,7
Tue Jan 07 2020 01:00:00 PST,1,3,157
Tue Jan 07 2020 01:00:00 PST,2,1,244
Tue Jan 07 2020 01:00:00 PST,2,2,7
Tue Jan 07 2020 01:00:00 PST,2,3,178
Tue Jan 07 2020 01:00:00 PST,3,1,106
Tue Jan 07 2020 01:00:00 PST,3,2,7
Tue Jan 07 2020 01:00:00 PST,3,3,82
Tue Jan 07 2020 01:00:00 PST,4,1,20
Tue Jan 07 2020 01:00:00 PST,4,2,#ERROR#
Tue Jan 07 2020 01:00:00 PST,4,3,677
Tue Jan 07 2020 01:15:00 PST,1,1,218
Tue Jan 07 2020 01:15:00 PST,1,2,7
Tue Jan 07 2020 01:15:00 PST,1,3,395
Tue Jan 07 2020 01:15:00 PST,2,1,34
Tue Jan 07 2020 01:15:00 PST,2,2,7
Tue Jan 07 2020 01:15:00 PST,2,3,1
Tue Jan 07 2020 01:15:00 PST,3,1,102
Tue Jan 07 2020 01:15:00 PST,3,2,7
Tue Jan 07 2020 01:15:00 PST,3,3,134
Tue Jan 07 2020 01:15:00 PST,4,1,49
Tue Jan 07 2020 01:15:00 PST,4,2,7
Tue Jan 07 2020 01:15:00 PST,4,3,126
Tue Jan 07 2020 01:30:00 PST,1,1,36
Tue Jan 07 2020 01:30:00 PST,1,2,7
Tue Jan 07 2020 01:30:00 PST,1,3,#ERROR#
Tue Jan 07 2020 01:30:00 PST,2,1,113
Tue Jan 07 2020 01:30:00 PST,2,2,7
Tue Jan 07 2020 01:30:00 PST,2,3,14
Tue Jan 07 2020 01:30:00 PST,3,1,70
Tue Jan 07 2020 01:30:00 PST,3,2,7
Tue Jan 07 2020 01:30:00 PST,3,3,4
Tue Jan 07 2020 01:30:00 PST,4,1,10
Tue Jan 07 2020 01:30:00 PST,4,2,7
Tue Jan 07 2020 01:30:00 PST,4,3,110
Tue Jan 07 2020 01:45:00 PST,1,1,190
Tue Jan 07 2020 01:45:00 PST,1,2,7
Tue Jan 07 2020 01:45:00 PST,1,3,426
Tue Jan 07 2020 01:45:00 PST,2,1,5
Tue Jan 07 2020 01:45:00 PST,2,2,7
Tue Jan 07 2020 01:45:00 PST,2,3,296
Tue Jan 07 2020 01:45:00 PST,3,1,43
Tue Jan 07 2020 01:45:00 PST,3,2,#ERROR#
Tue Jan 07 2020 01:45:00 PST,3,3,79
Tue Jan 07 2020 01:45:00 PST,4,1,117
Tue Jan 07 2020 01:45:00 PST,4,2,7
Tue Jan 07 2020 01:45:00 PST,4,3,95
Tue Jan 07 2020 02:00:00 PST,1,1,416
Tue Jan 07 2020 02:00:00 PST,1,2,7
Tue Jan 07 2020 02:00:00 PST,1,3,212
Tue Jan 07 2020 02:00:00 PST,2,1,385
Tue Jan 07 2020 02:00:00 PST,2,2,7
Tue Jan 07 2020 02:00:00 PST,2,3,#NA#
Tue Jan 07 2020 02:00:00 PST,3,1,395
Tue Jan 07 2020 02:00:00 PST,3,2,7
Tue Jan 07 2020 02:00:00 PST,3,3,-16
Tue Jan 07 2020 02:00:00 PST,4,1,#ERROR#
Tue Jan 07 2020 02:00:00 PST,4,2,7
Tue Jan 07 2020 02:00:00 PST,4,3,110
Tue Jan 07 2020 02:15:00 PST,1,1,134
Tue Jan 07 2020 02:15:00 PST,1,2,8
Tue Jan 07 2020 02:15:00 PST,1,3,85
Tue Jan 07 2020 02:15:00 PST,2,1,126
Tue Jan 07 2020 02:15:00 PST,2,2,8
Tue Jan 07 2020 02:15:00 PST,2,3,10
Tue Jan 07 2020 02:15:00 PST,3,1,143
Tue Jan 07 2020 02:15:00 PST,3,2,8
Tue Jan 07 2020 02:15:00 PST,3,3,172
Tue Jan 07 2020 02:15:00 PST,4,1,126
Tue Jan 07 2020 02:15:00 PST,4,2,8
Tue Jan 07 2020 02:15:00 PST,4,3,95
Tue Jan 07 2020 02:30:00 PST,1,1,183
Tue Jan 07 2020 02:30:00 PST,1,2,8
Tue Jan 07 2020 02:30:00 PST,1,3,43
Tue Jan 07 2020 02:30:00 PST,2,1,356
Tue Jan 07 2020 02:30:00 PST,2,2,8
Tue Jan 07 2020 02:30:00 PST,2,3,448
Tue Jan 07 2020 02:30:00 PST,3,1,45
Tue Jan 07 2020 02:30:00 PST,3,2,8
Tue Jan 07 2020 02:30:00 PST,3,3,20
Tue Jan 07 2020 02:30:00 PST,4,1,3
Tue Jan 07 2020 02:30:00 PST,4,2,8
Tue Jan 07 2020 02:30:00 PST,4,3,106
Tue Jan 07 2020 02:45:00 PST,1,1,437
Tue Jan 07 2020 02:45:00 PST,1,2,8
Tue Jan 07 2020 02:45:00 PST,1,3,3
Tue Jan 07 2020 02:45:00 PST,2,1,117
Tue Jan 07 2020 02:45:00 PST,2,2,8
Tue Jan 07 2020 02:45:00 PST,2,3,54
Tue Jan 07 2020 02:45:00 PST,3,1,62
Tue Jan 07 2020 02:45:00 PST,3,2,8
Tue Jan 07 2020 02:45:00 PST,3,3,194
Tue Jan 07 2020 02:45:00 PST,4,1,157
Tue Jan 07 2020 02:45:00 PST,4,2,8
Tue Jan 07 2020 02:45:00 PST,4,3,#NA#
Tue Jan 07 2020 03:00:00 PST,1,1,29
Tue Jan 07 2020 03:00:00 PST,1,2,8
Tue Jan 07 2020 03:00:00 PST,1,3,426
Tue Jan 07 2020 03:00:00 PST,2,1,178
Tue Jan 07 2020 03:00:00 PST,2,2,8
Tue Jan 07 2020 03:00:00 PST,2,3,14
Tue Jan 07 2020 03:00:00 PST,3,1,304
Tue Jan 07 2020 03:00:00 PST,3,2,8
Tue Jan 07 2020 03:00:00 PST,3,3,206
Tue Jan 07 2020 03:00:00 PST,4,1,395
Tue Jan 07 2020 03:00:00 PST,4,2,8
Tue Jan 07 2020 03:00:00 PST,4,3,73
Tue Jan 07 2020 03:15:00 PST,1,1,88
Tue Jan 07 2020 03:15:00 PST,1,2,8
Tue Jan 07 2020 03:15:00 PST,1,3,85
Tue Jan 07 2020 03:15:00 PST,2,1,405
Tue Jan 07 2020 03:15:00 PST,2,2,8
Tue Jan 07 2020 03:15:00 PST,2,3,231
Tue Jan 07 2020 03:15:00 PST,3,1,189
Tue Jan 07 2020 03:15:00 PST,3,2,483
Tue Jan 07 2020 03:15:00 PST,3,3,194
Tue Jan 07 2020 03:15:00 PST,4,1,206
Tue Jan 07 2020 03:15:00 PST,4,2,8
Tue Jan 07 2020 03:15:00 PST,4,3,375
Tue Jan 07 2020 03:30:00 PST,1,1,-38
Tue Jan 07 2020 03:30:00 PST,1,2,9
Tue Jan 07 2020 03:30:00 PST,1,3,9
Tue Jan 07 2020 03:30:00 PST,2,1,102
Tue Jan 07 2020 03:30:00 PST,2,2,9
Tue Jan 07 2020 03:30:00 PST,2,3,385
Tue Jan 07 2020 03:30:00 PST,3,1,25
Tue Jan 07 2020 03:30:00 PST,3,2,9
Tue Jan 07 2020 03:30:00 PST,3,3,266
Tue Jan 07 2020 03:30:00 PST,4,1,172
Tue Jan 07 2020 03:30:00 PST,4,2,9
Tue Jan 07 2020 03:30:00 PST,4,3,426
Tue Jan 07 2020 03:45:00 PST,1,1,32
Tue Jan 07 2020 03:45:00 PST,1,2,9
Tue Jan 07 2020 03:45:00 PST,1,3,29
Tue Jan 07 2020 03:45:00 PST,2,1,67
Tue Jan 07 2020 03:45:00 PST,2,2,9
Tue Jan 07 2020 03:45:00 PST,2,3,14
Tue Jan 07 2020 03:45:00 PST,3,1,14
Tue Jan 07 2020 03:45:00 PST,3,2,9
Tue Jan 07 2020 03:45:00 PST,3,3,288
Tue Jan 07 2020 03:45:00 PST,4,1,231
Tue Jan 07 2020 03:45:00 PST,4,2,9
Tue Jan 07 2020 03:45:00 PST,4,3,162
Tue Jan 07 2020 04:00:00 PST,1,1,#ERROR#
Tue Jan 07 2020 04:00:00 PST,1,2,9
Tue Jan 07 2020 04:00:00 PST,1,3,172
Tue Jan 07 2020 04:00:00 PST,2,1,206
Tue Jan 07 2020 04:00:00 PST,2,2,9
Tue Jan 07 2020 04:00:00 PST,2,3,356
Tue Jan 07 2020 04:00:00 PST,3,1,113
Tue Jan 07 2020 04:00:00 PST,3,2,9
Tue Jan 07 2020 04:00:00 PST,3,3,110
Tue Jan 07 2020 04:00:00 PST,4,1,-18
Tue Jan 07 2020 04:00:00 PST,4,2,9
Tue Jan 07 2020 04:00:00 PST,4,3,312
Tue Jan 07 2020 04:15:00 PST,1,1,79
Tue Jan 07 2020 04:15:00 PST,1,2,9
Tue Jan 07 2020 04:15:00 PST,1,3,14
Tue Jan 07 2020 04:15:00 PST,2,1,448
Tue Jan 07 2020 04:15:00 PST,2,2,9
Tue Jan 07 2020 04:15:00 PST,2,3,152
Tue Jan 07 2020 04:15:00 PST,3,1,189
Tue Jan 07 2020 04:15:00 PST,3,2,9
Tue Jan 07 2020 04:15:00 PST,3,3,405
Tue Jan 07 2020 04:15:00 PST,4,1,329
Tue Jan 07 2020 04:15:00 PST,4,2,9
Tue Jan 07 2020 04:15:00 PST,4,3,385
Tue Jan 07 2020 04:30:00 PST,1,1,238
Tue Jan 07 2020 04:30:00 PST,1,2,9
Tue Jan 07 2020 04:30:00 PST,1,3,19
Tue Jan 07 2020 04:30:00 PST,2,1,24
Tue Jan 07 2020 04:30:00 PST,2,2,9
Tue Jan 07 2020 04:30:00 PST,2,3,143
Tue Jan 07 2020 04:30:00 PST,3,1,366
Tue Jan 07 2020 04:30:00 PST,3,2,#ERROR#
Tue Jan 07 2020 04:30:00 PST,3,3,281
Tue Jan 07 2020 04:30:00 PST,4,1,49
Tue Jan 07 2020 04:30:00 PST,4,2,9
Tue Jan 07 2020 04:30:00 PST,4,3,10
Tue Jan 07 2020 04:45:00 PST,1,1,95
Tue Jan 07 2020 04:45:00 PST,1,2,10
Tue Jan 07 2020 04:45:00 PST,1,3,32
Tue Jan 07 2020 04:45:00 PST,2,1,448
Tue Jan 07 2020 04:45:00 PST,2,2,10
Tue Jan 07 2020 04:45:00 PST,2,3,13
Tue Jan 07 2020 04:45:00 PST,3,1,193
Tue Jan 07 2020 04:45:00 PST,3,2,10
Tue Jan 07 2020 04:45:00 PST,3,3,17
Tue Jan 07 2020 04:45:00 PST,4,1,296
Tue Jan 07 2020 04:45:00 PST,4,2,10
Tue Jan 07 2020 04:45:00 PST,4,3,67
Tue Jan 07 2020 05:00:00 PST,1,1,304
Tue Jan 07 2020 05:00:00 PST,1,2,10
Tue Jan 07 2020 05:00:00 PST,1,3,#ERROR#
Tue Jan 07 2020 05:00:00 PST,2,1,281
Tue Jan 07 2020 05:00:00 PST,2,2,10
Tue Jan 07 2020 05:00:00 PST,2,3,189
Tue Jan 07 2020 05:00:00 PST,3,1,1
Tue Jan 07 2020 05:00:00 PST,3,2,10
Tue Jan 07 2020 05:00:00 PST,3,3,366
Tue Jan 07 2020 05:00:00 PST,4,1,99
Tue Jan 07 2020 05:00:00 PST,4,2,10
Tue Jan 07 2020 05:00:00 PST,4,3,10
Tue Jan 07 2020 05:15:00 PST,1,1,99
Tue Jan 07 2020 05:15:00 PST,1,2,10
Tue Jan 07 2020 05:15:00 PST,1,3,5
Tue Jan 07 2020 05:15:00 PST,2,1,395
Tue Jan 07 2020 05:15:00 PST,2,2,10
Tue Jan 07 2020 05:15:00 PST,2,3,34
Tue Jan 07 2020 05:15:00 PST,3,1,200
Tue Jan 07 2020 05:15:00 PST,3,2,10
Tue Jan 07 2020 05:15:00 PST,3,3,148
Tue Jan 07 2020 05:15:00 PST,4,1,70
Tue Jan 07 2020 05:15:00 PST,4,2,10
Tue Jan 07 2020 05:15:00 PST,4,3,338
Tue Jan 07 2020 05:30:00 PST,1,1,#ERROR#
Tue Jan 07 2020 05:30:00 PST,1,2,10
Tue Jan 07 2020 05:30:00 PST,1,3,288
Tue Jan 07 2020 05:30:00 PST,2,1,85
Tue Jan 07 2020 05:30:00 PST,2,2,10
Tue Jan 07 2020 05:30:00 PST,2,3,200
Tue Jan 07 2020 05:30:00 PST,3,1,99
Tue Jan 07 2020 05:30:00 PST,3,2,#ERROR#
Tue Jan 07 2020 05:30:00 PST,3,3,#NA#
Tue Jan 07 2020 05:30:00 PST,4,1,20
Tue Jan 07 2020 05:30:00 PST,4,2,10
Tue Jan 07 2020 05:30:00 PST,4,3,178
Tue Jan 07 2020 05:45:00 PST,1,1,2
Tue Jan 07 2020 05:45:00 PST,1,2,10
Tue Jan 07 2020 05:45:00 PST,1,3,178
Tue Jan 07 2020 05:45:00 PST,2,1,172
Tue Jan 07 2020 05:45:00 PST,2,2,10
Tue Jan 07 2020 05:45:00 PST,2,3,#ERROR#
Tue Jan 07 2020 05:45:00 PST,3,1,121
Tue Jan 07 2020 05:45:00 PST,3,2,10
Tue Jan 07 2020 05:45:00 PST,3,3,-13
Tue Jan 07 2020 05:45:00 PST,4,1,27
Tue Jan 07 2020 05:45:00 PST,4,2,10
Tue Jan 07 2020 05:45:00 PST,4,3,366
Tue Jan 07 2020 06:00:00 PST,1,1,#NA#
Tue Jan 07 2020 06:00:00 PST,1,2,12
Tue Jan 07 2020 06:00:00 PST,1,3,14
Tue Jan 07 2020 06:00:00 PST,2,1,218
Tue Jan 07 2020 06:00:00 PST,2,2,12
Tue Jan 07 2020 06:00:00 PST,2,3,231
Tue Jan 07 2020 06:00:00 PST,3,1,162
Tue Jan 07 2020 06:00:00 PST,3,2,12
Tue Jan 07 2020 06:00:00 PST,3,3,14
Tue Jan 07 2020 06:00:00 PST,4,1,102
Tue Jan 07 2020 06:00:00 PST,4,2,12
Tue Jan 07 2020 06:00:00 PST,4,3,67
Tue Jan 07 2020 06:15:00 PST,1,1,130
Tue Jan 07 2020 06:15:00 PST,1,2,12
Tue Jan 07 2020 06:15:00 PST,1,3,1
Tue Jan 07 2020 06:15:00 PST,2,1,5
Tue Jan 07 2020 06:15:00 PST,2,2,156
Tue Jan 07 2020 06:15:00 PST,2,3,157
Tue Jan 07 2020 06:15:00 PST,3,1,29
Tue Jan 07 2020 06:15:00 PST,3,2,12
Tue Jan 07 2020 06:15:00 PST,3,3,5
Tue Jan 07 2020 06:15:00 PST,4,1,167
Tue Jan 07 2020 06:15:00 PST,4,2,12
Tue Jan 07 2020 06:15:00 PST,4,3,405
Tue Jan 07 2020 06:30:00 PST,1,1,437
Tue Jan 07 2020 06:30:00 PST,1,2,12
Tue Jan 07 2020 06:30:00 PST,1,3,110
Tue Jan 07 2020 06:30:00 PST,2,1,366
Tue Jan 07 2020 06:30:00 PST,2,2,12
Tue Jan 07 2020 06:30:00 PST,2,3,1
Tue Jan 07 2020 06:30:00 PST,3,1,312
Tue Jan 07 2020 06:30:00 PST,3,2,12
Tue Jan 07 2020 06:30:00 PST,3,3,416
Tue Jan 07 2020 06:30:00 PST,4,1,38
Tue Jan 07 2020 06:30:00 PST,4,2,12
Tue Jan 07 2020 06:30:00 PST,4,3,304
Tue Jan 07 2020 06:45:00 PST,1,1,38
Tue Jan 07 2020 06:45:00 PST,1,2,12
Tue Jan 07 2020 06:45:00 PST,1,3,73
Tue Jan 07 2020 06:45:00 PST,2,1,52
Tue Jan 07 2020 06:45:00 PST,2,2,12
Tue Jan 07 2020 06:45:00 PST,2,3,4
Tue Jan 07 2020 06:45:00 PST,3,1,183
Tue Jan 07 2020 06:45:00 PST,3,2,459
Tue Jan 07 2020 06:45:00 PST,3,3,-57
Tue Jan 07 2020 06:45:00 PST,4,1,194
Tue Jan 07 2020 06:45:00 PST,4,2,12
Tue Jan 07 2020 06:45:00 PST,4,3,-7
Tue Jan 07 2020 07:00:00 PST,1,1,13
Tue Jan 07 2020 07:00:00 PST,1,2,12
Tue Jan 07 2020 07:00:00 PST,1,3,194
Tue Jan 07 2020 07:00:00 PST,2,1,356
Tue Jan 07 2020 07:00:00 PST,2,2,12
Tue Jan 07 2020 07:00:00 PST,2,3,304
Tue Jan 07 2020 07:00:00 PST,3,1,288
Tue Jan 07 2020 07:00:00 PST,3,2,12
Tue Jan 07 2020 07:00:00 PST,3,3,10
Tue Jan 07 2020 07:00:00 PST,4,1,218
Tue Jan 07 2020 07:00:00 PST,4,2,12
Tue Jan 07 2020 07:00:00 PST,4,3,20
Tue Jan 07 2020 07:15:00 PST,1,1,157
Tue Jan 07 2020 07:15:00 PST,1,2,13
Tue Jan 07 2020 07:15:00 PST,1,3,162
Tue Jan 07 2020 07:15:00 PST,2,1,212
Tue Jan 07 2020 07:15:00 PST,2,2,13
Tue Jan 07 2020 07:15:00 PST,2,3,#NA#
Tue Jan 07 2020 07:15:00 PST,3,1,110
Tue Jan 07 2020 07:15:00 PST,3,2,13
Tue Jan 07 2020 07:15:00 PST,3,3,67
Tue Jan 07 2020 07:15:00 PST,4,1,218
Tue Jan 07 2020 07:15:00 PST,4,2,13
Tue Jan 07 2020 07:15:00 PST,4,3,258
Tue Jan 07 2020 07:30:00 PST,1,1,130
Tue Jan 07 2020 07:30:00 PST,1,2,13
Tue Jan 07 2020 07:30:00 PST,1,3,244
Tue Jan 07 2020 07:30:00 PST,2,1,82
Tue Jan 07 2020 07:30:00 PST,2,2,13
Tue Jan 07 2020 07:30:00 PST,2,3,73
Tue Jan 07 2020 07:30:00 PST,3,1,194
Tue Jan 07 2020 07:30:00 PST,3,2,13
Tue Jan 07 2020 07:30:00 PST,3,3,38
Tue Jan 07 2020 07:30:00 PST,4,1,13
Tue Jan 07 2020 07:30:00 PST,4,2,1094
Tue Jan 07 2020 07:30:00 PST,4,3,38
Tue Jan 07 2020 07:45:00 PST,1,1,5
Tue Jan 07 2020 07:45:00 PST,1,2,13
Tue Jan 07 2020 07:45:00 PST,1,3,25
Tue Jan 07 2020 07:45:00 PST,2,1,162
Tue Jan 07 2020 07:45:00 PST,2,2,13
Tue Jan 07 2020 07:45:00 PST,2,3,218
Tue Jan 07 2020 07:45:00 PST,3,1,416
Tue Jan 07 2020 07:45:00 PST,3,2,13
Tue Jan 07 2020 07:45:00 PST,3,3,172
Tue Jan 07 2020 07:45:00 PST,4,1,3
Tue Jan 07 2020 07:45:00 PST,4,2,13
Tue Jan 07 2020 07:45:00 PST,4,3,20
Tue Jan 07 2020 08:00:00 PST,1,1,167
Tue Jan 07 2020 08:00:00 PST,1,2,13
Tue Jan 07 2020 08:00:00 PST,1,3,288
Tue Jan 07 2020 08:00:00 PST,2,1,95
Tue Jan 07 2020 08:00:00 PST,2,2,13
Tue Jan 07 2020 08:00:00 PST,2,3,2
Tue Jan 07 2020 08:00:00 PST,3,1,121
Tue Jan 07 2020 08:00:00 PST,3,2,13
Tue Jan 07 2020 08:00:00 PST,3,3,356
Tue Jan 07 2020 08:00:00 PST,4,1,347
Tue Jan 07 2020 08:00:00 PST,4,2,13
Tue Jan 07 2020 08:00:00 PST,4,3,45
Tue Jan 07 2020 08:15:00 PST,1,1,2
Tue Jan 07 2020 08:15:00 PST,1,2,13
Tue Jan 07 2020 08:15:00 PST,1,3,76
Tue Jan 07 2020 08:15:00 PST,2,1,312
Tue Jan 07 2020 08:15:00 PST,2,2,13
Tue Jan 07 2020 08:15:00 PST,2,3,70
Tue Jan 07 2020 08:15:00 PST,3,1,31
Tue Jan 07 2020 08:15:00 PST,3,2,13
Tue Jan 07 2020 08:15:00 PST,3,3,375
Tue Jan 07 2020 08:15:00 PST,4,1,22
Tue Jan 07 2020 08:15:00 PST,4,2,13
Tue Jan 07 2020 08:15:00 PST,4,3,212
Tue Jan 07 2020 08:30:00 PST,1,1,110
Tue Jan 07 2020 08:30:00 PST,1,2,14
Tue Jan 07 2020 08:30:00 PST,1,3,110
Tue Jan 07 2020 08:30:00 PST,2,1,162
Tue Jan 07 2020 08:30:00 PST,2,2,14
Tue Jan 07 2020 08:30:00 PST,2,3,106
Tue Jan 07 2020 08:30:00 PST,3,1,76
Tue Jan 07 2020 08:30:00 PST,3,2,14
Tue Jan 07 2020 08:30:00 PST,3,3,92
Tue Jan 07 2020 08:30:00 PST,4,1,13
Tue Jan 07 2020 08:30:00 PST,4,2,14
Tue Jan 07 2020 08:30:00 PST,4,3,218
Tue Jan 07 2020 08:45:00 PST,1,1,67
Tue Jan 07 2020 08:45:00 PST,1,2,14
Tue Jan 07 2020 08:45:00 PST,1,3,385
Tue Jan 07 2020 08:45:00 PST,2,1,266
Tue Jan 07 2020 08:45:00 PST,2,2,173
Tue Jan 07 2020 08:45:00 PST,2,3,8
Tue Jan 07 2020 08:45:00 PST,3,1,92
Tue Jan 07 2020 08:45:00 PST,3,2,14
Tue Jan 07 2020 08:45:00 PST,3,3,281
Tue Jan 07 2020 08:45:00 PST,4,1,338
Tue Jan 07 2020 08:45:00 PST,4,2,14
Tue Jan 07 2020 08:45:00 PST,4,3,206
Tue Jan 07 2020 09:00:00 PST,1,1,117
Tue Jan 07 2020 09:00:00 PST,1,2,14
Tue Jan 07 2020 09:00:00 PST,1,3,162
Tue Jan 07 2020 09:00:00 PST,2,1,95
Tue Jan 07 2020 09:00:00 PST,2,2,14
Tue Jan 07 2020 09:00:00 PST,2,3,82
Tue Jan 07 2020 09:00:00 PST,3,1,251
Tue Jan 07 2020 09:00:00 PST,3,2,14
Tue Jan 07 2020 09:00:00 PST,3,3,148
Tue Jan 07 2020 09:00:00 PST,4,1,231
Tue Jan 07 2020 09:00:00 PST,4,2,14
Tue Jan 07 2020 09:00:00 PST,4,3,385
Tue Jan 07 2020 09:15:00 PST,1,1,-4
Tue Jan 07 2020 09:15:00 PST,1,2,14
Tue Jan 07 2020 09:15:00 PST,1,3,88
Tue Jan 07 2020 09:15:00 PST,2,1,281
Tue Jan 07 2020 09:15:00 PST,2,2,14
Tue Jan 07 2020 09:15:00 PST,2,3,231
Tue Jan 07 2020 09:15:00 PST,3,1,62
Tue Jan 07 2020 09:15:00 PST,3,2,14
Tue Jan 07 2020 09:15:00 PST,3,3,54
Tue Jan 07 2020 09:15:00 PST,4,1,212
Tue Jan 07 2020 09:15:00 PST,4,2,14
Tue Jan 07 2020 09:15:00 PST,4,3,225
Tue Jan 07 2020 09:30:00 PST,1,1,70
Tue Jan 07 2020 09:30:00 PST,1,2,14
Tue Jan 07 2020 09:30:00 PST,1,3,212
Tue Jan 07 2020 09:30:00 PST,2,1,113
Tue Jan 07 2020 09:30:00 PST,2,2,14
Tue Jan 07 2020 09:30:00 PST,2,3,7
Tue Jan 07 2020 09:30:00 PST,3,1,130
Tue Jan 07 2020 09:30:00 PST,3,2,14
Tue Jan 07 2020 09:30:00 PST,3,3,27
Tue Jan 07 2020 09:30:00 PST,4,1,231
Tue Jan 07 2020 09:30:00 PST,4,2,14
Tue Jan 07 2020 09:30:00 PST,4,3,-50
Tue Jan 07 2020 09:45:00 PST,1,1,281
Tue Jan 07 2020 09:45:00 PST,1,2,167
Tue Jan 07 2020 09:45:00 PST,1,3,13
Tue Jan 07 2020 09:45:00 PST,2,1,20
Tue Jan 07 2020 09:45:00 PST,2,2,16
Tue Jan 07 2020 09:45:00 PST,2,3,9
Tue Jan 07 2020 09:45:00 PST,3,1,57
Tue Jan 07 2020 09:45:00 PST,3,2,16
Tue Jan 07 2020 09:45:00 PST,3,3,296
Tue Jan 07 2020 09:45:00 PST,4,1,7
Tue Jan 07 2020 09:45:00 PST,4,2,16
Tue Jan 07 2020 09:45:00 PST,4,3,#NA#
Tue Jan 07 2020 10:00:00 PST,1,1,288
Tue Jan 07 2020 10:00:00 PST,1,2,16
Tue Jan 07 2020 10:00:00 PST,1,3,19
Tue Jan 07 2020 10:00:00 PST,2,1,194
Tue Jan 07 2020 10:00:00 PST,2,2,16
Tue Jan 07 2020 10:00:00 PST,2,3,22
Tue Jan 07 2020 10:00:00 PST,3,1,43
Tue Jan 07 2020 10:00:00 PST,3,2,16
Tue Jan 07 2020 10:00:00 PST,3,3,45
Tue Jan 07 2020 10:00:00 PST,4,1,73
Tue Jan 07 2020 10:00:00 PST,4,2,16
Tue Jan 07 2020 10:00:00 PST,4,3,200
Tue Jan 07 2020 10:15:00 PST,1,1,45
Tue Jan 07 2020 10:15:00 PST,1,2,#ERROR#
Tue Jan 07 2020 10:15:00 PST,1,3,#ERROR#
Tue Jan 07 2020 10:15:00 PST,2,1,13
Tue Jan 07 2020 10:15:00 PST,2,2,16
Tue Jan 07 2020 10:15:00 PST,2,3,-77
Tue Jan 07 2020 10:15:00 PST,3,1,24
Tue Jan 07 2020 10:15:00 PST,3,2,16
Tue Jan 07 2020 10:15:00 PST,3,3,54
Tue Jan 07 2020 10:15:00 PST,4,1,70
Tue Jan 07 2020 10:15:00 PST,4,2,16
Tue Jan 07 2020 10:15:00 PST,4,3,3
Tue Jan 07 2020 10:30:00 PST,1,1,266
Tue Jan 07 2020 10:30:00 PST,1,2,16
Tue Jan 07 2020 10:30:00 PST,1,3,110
Tue Jan 07 2020 10:30:00 PST,2,1,266
Tue Jan 07 2020 10:30:00 PST,2,2,16
Tue Jan 07 2020 10:30:00 PST,2,3,#ERROR#
Tue Jan 07 2020 10:30:00 PST,3,1,#NA#
Tue Jan 07 2020 10:30:00 PST,3,2,16
Tue Jan 07 2020 10:30:00 PST,3,3,88
Tue Jan 07 2020 10:30:00 PST,4,1,178
Tue Jan 07 2020 10:30:00 PST,4,2,16
Tue Jan 07 2020 10:30:00 PST,4,3,134
Tue Jan 07 2020 10:45:00 PST,1,1,347
Tue Jan 07 2020 10:45:00 PST,1,2,16
Tue Jan 07 2020 10:45:00 PST,1,3,183
Tue Jan 07 2020 10:45:00 PST,2,1,405
Tue Jan 07 2020 10:45:00 PST,2,2,16
Tue Jan 07 2020 10:45:00 PST,2,3,36
Tue Jan 07 2020 10:45:00 PST,3,1,54
Tue Jan 07 2020 10:45:00 PST,3,2,#ERROR#
Tue Jan 07 2020 10:45:00 PST,3,3,52
Tue Jan 07 2020 10:45:00 PST,4,1,22
Tue Jan 07 2020 10:45:00 PST,4,2,16
Tue Jan 07 2020 10:45:00 PST,4,3,36
Tue Jan 07 2020 11:00:00 PST,1,1,157
Tue Jan 07 2020 11:00:00 PST,1,2,#ERROR#
Tue Jan 07 2020 11:00:00 PST,1,3,266
Tue Jan 07 2020 11:00:00 PST,2,1,20
Tue Jan 07 2020 11:00:00 PST,2,2,17
Tue Jan 07 2020 11:00:00 PST,2,3,266
Tue Jan 07 2020 11:00:00 PST,3,1,#NA#
Tue Jan 07 2020 11:00:00 PST,3,2,#NA#
Tue Jan 07 2020 11:00:00 PST,3,3,329
Tue Jan 07 2020 11:00:00 PST,4,1,27
Tue Jan 07 2020 11:00:00 PST,4,2,17
Tue Jan 07 2020 11:00:00 PST,4,3,172
Tue Jan 07 2020 11:15:00 PST,1,1,43
Tue Jan 07 2020 11:15:00 PST,1,2,17
Tue Jan 07 2020 11:15:00 PST,1,3,38
Tue Jan 07 2020 11:15:00 PST,2,1,5
Tue Jan 07 2020 11:15:00 PST,2,2,17
Tue Jan 07 2020 11:15:00 PST,2,3,#ERROR#
Tue Jan 07 2020 11:15:00 PST,3,1,416
Tue Jan 07 2020 11:15:00 PST,3,2,17
Tue Jan 07 2020 11:15:00 PST,3,3,2
Tue Jan 07 2020 11:15:00 PST,4,1,266
Tue Jan 07 2020 11:15:00 PST,4,2,#ERROR#
Tue Jan 07 2020 11:15:00 PST,4,3,22
Tue Jan 07 2020 11:30:00 PST,1,1,347
Tue Jan 07 2020 11:30:00 PST,1,2,17
Tue Jan 07 2020 11:30:00 PST,1,3,29
Tue Jan 07 2020 11:30:00 PST,2,1,238
Tue Jan 07 2020 11:30:00 PST,2,2,17
Tue Jan 07 2020 11:30:00 PST,2,3,162
Tue Jan 07 2020 11:30:00 PST,3,1,95
Tue Jan 07 2020 11:30:00 PST,3,2,17
Tue Jan 07 2020 11:30:00 PST,3,3,106
Tue Jan 07 2020 11:30:00 PST,4,1,138
Tue Jan 07 2020 11:30:00 PST,4,2,17
Tue Jan 07 2020 11:30:00 PST,4,3,4
Tue Jan 07 2020 11:45:00 PST,1,1,375
Tue Jan 07 2020 11:45:00 PST,1,2,17
Tue Jan 07 2020 11:45:00 PST,1,3,16
Tue Jan 07 2020 11:45:00 PST,2,1,52
Tue Jan 07 2020 11:45:00 PST,2,2,17
Tue Jan 07 2020 11:45:00 PST,2,3,162
Tue Jan 07 2020 11:45:00 PST,3,1,225
Tue Jan 07 2020 11:45:00 PST,3,2,17
Tue Jan 07 2020 11:45:00 PST,3,3,62
Tue Jan 07 2020 11:45:00 PST,4,1,5
Tue Jan 07 2020 11:45:00 PST,4,2,17
Tue Jan 07 2020 11:45:00 PST,4,3,20
Tue Jan 07 2020 12:00:00 PST,1,1,22
Tue Jan 07 2020 12:00:00 PST,1,2,17
Tue Jan 07 2020 12:00:00 PST,1,3,117
Tue Jan 07 2020 12:00:00 PST,2,1,189
Tue Jan 07 2020 12:00:00 PST,2,2,17
Tue Jan 07 2020 12:00:00 PST,2,3,14
Tue Jan 07 2020 12:00:00 PST,3,1,395
Tue Jan 07 2020 12:00:00 PST,3,2,#NA#
Tue Jan 07 2020 12:00:00 PST,3,3,19
Tue Jan 07 2020 12:00:00 PST,4,1,225
Tue Jan 07 2020 12:00:00 PST,4,2,17
Tue Jan 07 2020 12:00:00 PST,4,3,218
Tue Jan 07 2020 12:15:00 PST,1,1,312
Tue Jan 07 2020 12:15:00 PST,1,2,19
Tue Jan 07 2020 12:15:00 PST,1,3,99
Tue Jan 07 2020 12:15:00 PST,2,1,19
Tue Jan 07 2020 12:15:00 PST,2,2,19
Tue Jan 07 2020 12:15:00 PST,2,3,405
Tue Jan 07 2020 12:15:00 PST,3,1,31
Tue Jan 07 2020 12:15:00 PST,3,2,19
Tue Jan 07 2020 12:15:00 PST,3,3,218
Tue Jan 07 2020 12:15:00 PST,4,1,57
Tue Jan 07 2020 12:15:00 PST,4,2,19
Tue Jan 07 2020 12:15:00 PST,4,3,2
Tue Jan 07 2020 12:30:00 PST,1,1,10
Tue Jan 07 2020 12:30:00 PST,1,2,19
Tue Jan 07 2020 12:30:00 PST,1,3,126
Tue Jan 07 2020 12:30:00 PST,2,1,47
Tue Jan 07 2020 12:30:00 PST,2,2,151
Tue Jan 07 2020 12:30:00 PST,2,3,143
Tue Jan 07 2020 12:30:00 PST,3,1,19
Tue Jan 07 2020 12:30:00 PST,3,2,19
Tue Jan 07 2020 12:30:00 PST,3,3,194
Tue Jan 07 2020 12:30:00 PST,4,1,3
Tue Jan 07 2020 12:30:00 PST,4,2,19
Tue Jan 07 2020 12:30:00 PST,4,3,183
Tue Jan 07 2020 12:45:00 PST,1,1,152
Tue Jan 07 2020 12:45:00 PST,1,2,19
Tue Jan 07 2020 12:45:00 PST,1,3,29
Tue Jan 07 2020 12:45:00 PST,2,1,#ERROR#
Tue Jan 07 2020 12:45:00 PST,2,2,19
Tue Jan 07 2020 12:45:00 PST,2,3,238
Tue Jan 07 2020 12:45:00 PST,3,1,25
Tue Jan 07 2020 12:45:00 PST,3,2,19
Tue Jan 07 2020 12:45:00 PST,3,3,85
Tue Jan 07 2020 12:45:00 PST,4,1,62
Tue Jan 07 2020 12:45:00 PST,4,2,19
Tue Jan 07 2020 12:45:00 PST,4,3,416
Tue Jan 07 2020 13:00:00 PST,1,1,152
Tue Jan 07 2020 13:00:00 PST,1,2,19
Tue Jan 07 2020 13:00:00 PST,1,3,172
Tue Jan 07 2020 13:00:00 PST,2,1,25
Tue Jan 07 2020 13:00:00 PST,2,2,19
Tue Jan 07 2020 13:00:00 PST,2,3,4
Tue Jan 07 2020 13:00:00 PST,3,1,206
Tue Jan 07 2020 13:00:00 PST,3,2,19
Tue Jan 07 2020 13:00:00 PST,3,3,19
Tue Jan 07 2020 13:00:00 PST,4,1,27
Tue Jan 07 2020 13:00:00 PST,4,2,19
Tue Jan 07 2020 13:00:00 PST,4,3,312
Tue Jan 07 2020 13:15:00 PST,1,1,356
Tue Jan 07 2020 13:15:00 PST,1,2,19
Tue Jan 07 2020 13:15:00 PST,1,3,13
Tue Jan 07 2020 13:15:00 PST,2,1,36
Tue Jan 07 2020 13:15:00 PST,2,2,19
Tue Jan 07 2020 13:15:00 PST,2,3,106
Tue Jan 07 2020 13:15:00 PST,3,1,22
Tue Jan 07 2020 13:15:00 PST,3,2,19
Tue Jan 07 2020 13:15:00 PST,3,3,1393
Tue Jan 07 2020 13:15:00 PST,4,1,8
Tue Jan 07 2020 13:15:00 PST,4,2,19
Tue Jan 07 2020 13:15:00 PST,4,3,14
Tue Jan 07 2020 13:30:00 PST,1,1,200
Tue Jan 07 2020 13:30:00 PST,1,2,20
Tue Jan 07 2020 13:30:00 PST,1,3,183
Tue Jan 07 2020 13:30:00 PST,2,1,167
Tue Jan 07 2020 13:30:00 PST,2,2,20
Tue Jan 07 2020 13:30:00 PST,2,3,148
Tue Jan 07 2020 13:30:00 PST,3,1,-88
Tue Jan 07 2020 13:30:00 PST,3,2,20
Tue Jan 07 2020 13:30:00 PST,3,3,375
Tue Jan 07 2020 13:30:00 PST,4,1,0
Tue Jan 07 2020 13:30:00 PST,4,2,#NA#
Tue Jan 07 2020 13:30:00 PST,4,3,231
Tue Jan 07 2020 13:45:00 PST,1,1,92
Tue Jan 07 2020 13:45:00 PST,1,2,20
Tue Jan 07 2020 13:45:00 PST,1,3,10
Tue Jan 07 2020 13:45:00 PST,2,1,194
Tue Jan 07 2020 13:45:00 PST,2,2,20
Tue Jan 07 2020 13:45:00 PST,2,3,288
Tue Jan 07 2020 13:45:00 PST,3,1,266
Tue Jan 07 2020 13:45:00 PST,3,2,20
Tue Jan 07 2020 13:45:00 PST,3,3,152
Tue Jan 07 2020 13:45:00 PST,4,1,95
Tue Jan 07 2020 13:45:00 PST,4,2,20
Tue Jan 07 2020 13:45:00 PST,4,3,#ERROR#
Tue Jan 07 2020 14:00:00 PST,1,1,251
Tue Jan 07 2020 14:00:00 PST,1,2,20
Tue Jan 07 2020 14:00:00 PST,1,3,258
Tue Jan 07 2020 14:00:00 PST,2,1,266
Tue Jan 07 2020 14:00:00 PST,2,2,20
Tue Jan 07 2020 14:00:00 PST,2,3,157
Tue Jan 07 2020 14:00:00 PST,3,1,73
Tue Jan 07 2020 14:00:00 PST,3,2,20
Tue Jan 07 2020 14:00:00 PST,3,3,76
Tue Jan 07 2020 14:00:00 PST,4,1,32
Tue Jan 07 2020 14:00:00 PST,4,2,20
Tue Jan 07 2020 14:00:00 PST,4,3,338
Tue Jan 07 2020 14:15:00 PST,1,1,36
Tue Jan 07 2020 14:15:00 PST,1,2,20
Tue Jan 07 2020 14:15:00 PST,1,3,121
Tue Jan 07 2020 14:15:00 PST,2,1,385
Tue Jan 07 2020 14:15:00 PST,2,2,20
Tue Jan 07 2020 14:15:00 PST,2,3,148
Tue Jan 07 2020 14:15:00 PST,3,1,212
Tue Jan 07 2020 14:15:00 PST,3,2,20
Tue Jan 07 2020 14:15:00 PST,3,3,329
Tue Jan 07 2020 14:15:00 PST,4,1,85
Tue Jan 07 2020 14:15:00 PST,4,2,20
Tue Jan 07 2020 14:15:00 PST,4,3,167
Tue Jan 07 2020 14:30:00 PST,1,1,304
Tue Jan 07 2020 14:30:00 PST,1,2,20
Tue Jan 07 2020 14:30:00 PST,1,3,#NA#
Tue Jan 07 2020 14:30:00 PST,2,1,95
Tue Jan 07 2020 14:30:00 PST,2,2,20
Tue Jan 07 2020 14:30:00 PST,2,3,8
Tue Jan 07 2020 14:30:00 PST,3,1,110
Tue Jan 07 2020 14:30:00 PST,3,2,20
Tue Jan 07 2020 14:30:00 PST,3,3,24
Tue Jan 07 2020 14:30:00 PST,4,1,338
Tue Jan 07 2020 14:30:00 PST,4,2,173
Tue Jan 07 2020 14:30:00 PST,4,3,7
Tue Jan 07 2020 14:45:00 PST,1,1,4
Tue Jan 07 2020 14:45:00 PST,1,2,22
Tue Jan 07 2020 14:45:00 PST,1,3,244
Tue Jan 07 2020 14:45:00 PST,2,1,200
Tue Jan 07 2020 14:45:00 PST,2,2,22
Tue Jan 07 2020 14:45:00 PST,2,3,102
Tue Jan 07 2020 14:45:00 PST,3,1,36
Tue Jan 07 2020 14:45:00 PST,3,2,22
Tue Jan 07 2020 14:45:00 PST,3,3,356
Tue Jan 07 2020 14:45:00 PST,4,1,99
Tue Jan 07 2020 14:45:00 PST,4,2,22
Tue Jan 07 2020 14:45:00 PST,4,3,121
Tue Jan 07 2020 15:00:00 PST,1,1,266
Tue Jan 07 2020 15:00:00 PST,1,2,22
Tue Jan 07 2020 15:00:00 PST,1,3,312
Tue Jan 07 2020 15:00:00 PST,2,1,113
Tue Jan 07 2020 15:00:00 PST,2,2,-86
Tue Jan 07 2020 15:00:00 PST,2,3,244
Tue Jan 07 2020 15:00:00 PST,3,1,3
Tue Jan 07 2020 15:00:00 PST,3,2,168
Tue Jan 07 2020 15:00:00 PST,3,3,43
Tue Jan 07 2020 15:00:00 PST,4,1,296
Tue Jan 07 2020 15:00:00 PST,4,2,22
Tue Jan 07 2020 15:00:00 PST,4,3,157
Tue Jan 07 2020 15:15:00 PST,1,1,62
Tue Jan 07 2020 15:15:00 PST,1,2,22
Tue Jan 07 2020 15:15:00 PST,1,3,385
Tue Jan 07 2020 15:15:00 PST,2,1,12
Tue Jan 07 2020 15:15:00 PST,2,2,22
Tue Jan 07 2020 15:15:00 PST,2,3,#ERROR#
Tue Jan 07 2020 15:15:00 PST,3,1,163
Tue Jan 07 2020 15:15:00 PST,3,2,22
Tue Jan 07 2020 15:15:00 PST,3,3,1222
Tue Jan 07 2020 15:15:00 PST,4,1,426
Tue Jan 07 2020 15:15:00 PST,4,2,-72
Tue Jan 07 2020 15:15:00 PST,4,3,25
Tue Jan 07 2020 15:30:00 PST,1,1,54
Tue Jan 07 2020 15:30:00 PST,1,2,22
Tue Jan 07 2020 15:30:00 PST,1,3,17
Tue Jan 07 2020 15:30:00 PST,2,1,834
Tue Jan 07 2020 15:30:00 PST,2,2,22
Tue Jan 07 2020 15:30:00 PST,2,3,85
Tue Jan 07 2020 15:30:00 PST,3,1,134
Tue Jan 07 2020 15:30:00 PST,3,2,22
Tue Jan 07 2020 15:30:00 PST,3,3,395
Tue Jan 07 2020 15:30:00 PST,4,1,88
Tue Jan 07 2020 15:30:00 PST,4,2,22
Tue Jan 07 2020 15:30:00 PST,4,3,251
Tue Jan 07 2020 15:45:00 PST,1,1,#NA#
Tue Jan 07 2020 15:45:00 PST,1,2,22
Tue Jan 07 2020 15:45:00 PST,1,3,47
Tue Jan 07 2020 15:45:00 PST,2,1,395
Tue Jan 07 2020 15:45:00 PST,2,2,22
Tue Jan 07 2020 15:45:00 PST,2,3,#ERROR#
Tue Jan 07 2020 15:45:00 PST,3,1,20
Tue Jan 07 2020 15:45:00 PST,3,2,#ERROR#
Tue Jan 07 2020 15:45:00 PST,3,3,24
Tue Jan 07 2020 15:45:00 PST,4,1,34
Tue Jan 07 2020 15:45:00 PST,4,2,22
Tue Jan 07 2020 15:45:00 PST,4,3,40
Tue Jan 07 2020 16:00:00 PST,1,1,138
Tue Jan 07 2020 16:00:00 PST,1,2,24
Tue Jan 07 2020 16:00:00 PST,1,3,16
Tue Jan 07 2020 16:00:00 PST,2,1,19
Tue Jan 07 2020 16:00:00 PST,2,2,24
Tue Jan 07 2020 16:00:00 PST,2,3,448
Tue Jan 07 2020 16:00:00 PST,3,1,385
Tue Jan 07 2020 16:00:00 PST,3,2,#NA#
Tue Jan 07 2020 16:00:00 PST,3,3,32
Tue Jan 07 2020 16:00:00 PST,4,1,296
Tue Jan 07 2020 16:00:00 PST,4,2,24
Tue Jan 07 2020 16:00:00 PST,4,3,10
Tue Jan 07 2020 16:15:00 PST,1,1,347
Tue Jan 07 2020 16:15:00 PST,1,2,24
Tue Jan 07 2020 16:15:00 PST,1,3,152
Tue Jan 07 2020 16:15:00 PST,2,1,#ERROR#
Tue Jan 07 2020 16:15:00 PST,2,2,24
Tue Jan 07 2020 16:15:00 PST,2,3,167
Tue Jan 07 2020 16:15:00 PST,3,1,212
Tue Jan 07 2020 16:15:00 PST,3,2,24
Tue Jan 07 2020 16:15:00 PST,3,3,#NA#
Tue Jan 07 2020 16:15:00 PST,4,1,8
Tue Jan 07 2020 16:15:00 PST,4,2,24
Tue Jan 07 2020 16:15:00 PST,4,3,797
Tue Jan 07 2020 16:30:00 PST,1,1,4
Tue Jan 07 2020 16:30:00 PST,1,2,24
Tue Jan 07 2020 16:30:00 PST,1,3,426
Tue Jan 07 2020 16:30:00 PST,2,1,36
Tue Jan 07 2020 16:30:00 PST,2,2,24
Tue Jan 07 2020 16:30:00 PST,2,3,329
Tue Jan 07 2020 16:30:00 PST,3,1,244
Tue Jan 07 2020 16:30:00 PST,3,2,24
Tue Jan 07 2020 16:30:00 PST,3,3,288
Tue Jan 07 2020 16:30:00 PST,4,1,143
Tue Jan 07 2020 16:30:00 PST,4,2,24
Tue Jan 07 2020 16:30:00 PST,4,3,32
Tue Jan 07 2020 16:45:00 PST,1,1,99
Tue Jan 07 2020 16:45:00 PST,1,2,24
Tue Jan 07 2020 16:45:00 PST,1,3,31
Tue Jan 07 2020 16:45:00 PST,2,1,10
Tue Jan 07 2020 16:45:00 PST,2,2,24
Tue Jan 07 2020 16:45:00 PST,2,3,218
Tue Jan 07 2020 16:45:00 PST,3,1,121
Tue Jan 07 2020 16:45:00 PST,3,2,24
Tue Jan 07 2020 16:45:00 PST,3,3,110
Tue Jan 07 2020 16:45:00 PST,4,1,54
Tue Jan 07 2020 16:45:00 PST,4,2,24
Tue Jan 07 2020 16:45:00 PST,4,3,138
Tue Jan 07 2020 17:00:00 PST,1,1,251
Tue Jan 07 2020 17:00:00 PST,1,2,24
Tue Jan 07 2020 17:00:00 PST,1,3,244
Tue Jan 07 2020 17:00:00 PST,2,1,244
Tue Jan 07 2020 17:00:00 PST,2,2,24
Tue Jan 07 2020 17:00:00 PST,2,3,59
Tue Jan 07 2020 17:00:00 PST,3,1,815
Tue Jan 07 2020 17:00:00 PST,3,2,172
Tue Jan 07 2020 17:00:00 PST,3,3,17
Tue Jan 07 2020 17:00:00 PST,4,1,-10
Tue Jan 07 2020 17:00:00 PST,4,2,#ERROR#
Tue Jan 07 2020 17:00:00 PST,4,3,448
Tue Jan 07 2020 17:15:00 PST,1,1,76
Tue Jan 07 2020 17:15:00 PST,1,2,155
Tue Jan 07 2020 17:15:00 PST,1,3,174
Tue Jan 07 2020 17:15:00 PST,2,1,4
Tue Jan 07 2020 17:15:00 PST,2,2,25
Tue Jan 07 2020 17:15:00 PST,2,3,34
Tue Jan 07 2020 17:15:00 PST,3,1,244
Tue Jan 07 2020 17:15:00 PST,3,2,25
Tue Jan 07 2020 17:15:00 PST,3,3,148
Tue Jan 07 2020 17:15:00 PST,4,1,76
Tue Jan 07 2020 17:15:00 PST,4,2,25
Tue Jan 07 2020 17:15:00 PST,4,3,76
Tue Jan 07 2020 17:30:00 PST,1,1,448
Tue Jan 07 2020 17:30:00 PST,1,2,25
Tue Jan 07 2020 17:30:00 PST,1,3,288
Tue Jan 07 2020 17:30:00 PST,2,1,405
Tue Jan 07 2020 17:30:00 PST,2,2,25
Tue Jan 07 2020 17:30:00 PST,2,3,347
Tue Jan 07 2020 17:30:00 PST,3,1,24
Tue Jan 07 2020 17:30:00 PST,3,2,25
Tue Jan 07 2020 17:30:00 PST,3,3,-38
Tue Jan 07 2020 17:30:00 PST,4,1,152
Tue Jan 07 2020 17:30:00 PST,4,2,25
Tue Jan 07 2020 17:30:00 PST,4,3,-1
Tue Jan 07 2020 17:45:00 PST,1,1,24
Tue Jan 07 2020 17:45:00 PST,1,2,25
Tue Jan 07 2020 17:45:00 PST,1,3,281
Tue Jan 07 2020 17:45:00 PST,2,1,38
Tue Jan 07 2020 17:45:00 PST,2,2,25
Tue Jan 07 2020 17:45:00 PST,2,3,3
Tue Jan 07 2020 17:45:00 PST,3,1,288
Tue Jan 07 2020 17:45:00 PST,3,2,25
Tue Jan 07 2020 17:45:00 PST,3,3,395
Tue Jan 07 2020 17:45:00 PST,4,1,32
Tue Jan 07 2020 17:45:00 PST,4,2,25
Tue Jan 07 2020 17:45:00 PST,4,3,52
Tue Jan 07 2020 18:00:00 PST,1,1,143
Tue Jan 07 2020 18:00:00 PST,1,2,25
Tue Jan 07 2020 18:00:00 PST,1,3,615
Tue Jan 07 2020 18:00:00 PST,2,1,296
Tue Jan 07 2020 18:00:00 PST,2,2,25
Tue Jan 07 2020 18:00:00 PST,2,3,#ERROR#
Tue Jan 07 2020 18:00:00 PST,3,1,110
Tue Jan 07 2020 18:00:00 PST,3,2,25
Tue Jan 07 2020 18:00:00 PST,3,3,40
Tue Jan 07 2020 18:00:00 PST,4,1,134
Tue Jan 07 2020 18:00:00 PST,4,2,25
Tue Jan 07 2020 18:00:00 PST,4,3,16
Tue Jan 07 2020 18:15:00 PST,1,1,73
Tue Jan 07 2020 18:15:00 PST,1,2,#ERROR#
Tue Jan 07 2020 18:15:00 PST,1,3,212
Tue Jan 07 2020 18:15:00 PST,2,1,8
Tue Jan 07 2020 18:15:00 PST,2,2,25
Tue Jan 07 2020 18:15:00 PST,2,3,121
Tue Jan 07 2020 18:15:00 PST,3,1,82
Tue Jan 07 2020 18:15:00 PST,3,2,25
Tue Jan 07 2020 18:15:00 PST,3,3,385
Tue Jan 07 2020 18:15:00 PST,4,1,16
Tue Jan 07 2020 18:15:00 PST,4,2,25
Tue Jan 07 2020 18:15:00 PST,4,3,183
Tue Jan 07 2020 18:30:00 PST,1,1,38
Tue Jan 07 2020 18:30:00 PST,1,2,27
Tue Jan 07 2020 18:30:00 PST,1,3,#ERROR#
Tue Jan 07 2020 18:30:00 PST,2,1,7
Tue Jan 07 2020 18:30:00 PST,2,2,27
Tue Jan 07 2020 18:30:00 PST,2,3,162
Tue Jan 07 2020 18:30:00 PST,3,1,178
Tue Jan 07 2020 18:30:00 PST,3,2,27
Tue Jan 07 2020 18:30:00 PST,3,3,258
Tue Jan 07 2020 18:30:00 PST,4,1,99
Tue Jan 07 2020 18:30:00 PST,4,2,27
Tue Jan 07 2020 18:30:00 PST,4,3,172
Tue Jan 07 2020 18:45:00 PST,1,1,893
Tue Jan 07 2020 18:45:00 PST,1,2,27
Tue Jan 07 2020 18:45:00 PST,1,3,296
Tue Jan 07 2020 18:45:00 PST,2,1,7
Tue Jan 07 2020 18:45:00 PST,2,2,27
Tue Jan 07 2020 18:45:00 PST,2,3,57
Tue Jan 07 2020 18:45:00 PST,3,1,64
Tue Jan 07 2020 18:45:00 PST,3,2,27
Tue Jan 07 2020 18:45:00 PST,3,3,321
Tue Jan 07 2020 18:45:00 PST,4,1,31
Tue Jan 07 2020 18:45:00 PST,4,2,27
Tue Jan 07 2020 18:45:00 PST,4,3,347
Tue Jan 07 2020 19:00:00 PST,1,1,10
Tue Jan 07 2020 19:00:00 PST,1,2,27
Tue Jan 07 2020 19:00:00 PST,1,3,40
Tue Jan 07 2020 19:00:00 PST,2,1,82
Tue Jan 07 2020 19:00:00 PST,2,2,27
Tue Jan 07 2020 19:00:00 PST,2,3,54
Tue Jan 07 2020 19:00:00 PST,3,1,5
Tue Jan 07 2020 19:00:00 PST,3,2,27
Tue Jan 07 2020 19:00:00 PST,3,3,34
Tue Jan 07 2020 19:00:00 PST,4,1,296
Tue Jan 07 2020 19:00:00 PST,4,2,27
Tue Jan 07 2020 19:00:00 PST,4,3,152
Tue Jan 07 2020 19:15:00 PST,1,1,8
Tue Jan 07 2020 19:15:00 PST,1,2,27
Tue Jan 07 2020 19:15:00 PST,1,3,266
Tue Jan 07 2020 19:15:00 PST,2,1,238
Tue Jan 07 2020 19:15:00 PST,2,2,27
Tue Jan 07 2020 19:15:00 PST,2,3,231
Tue Jan 07 2020 19:15:00 PST,3,1,102
Tue Jan 07 2020 19:15:00 PST,3,2,27
Tue Jan 07 2020 19:15:00 PST,3,3,92
Tue Jan 07 2020 19:15:00 PST,4,1,43
Tue Jan 07 2020 19:15:00 PST,4,2,27
Tue Jan 07 2020 19:15:00 PST,4,3,244
Tue Jan 07 2020 19:30:00 PST,1,1,20
Tue Jan 07 2020 19:30:00 PST,1,2,27
Tue Jan 07 2020 19:30:00 PST,1,3,19
Tue Jan 07 2020 19:30:00 PST,2,1,281
Tue Jan 07 2020 19:30:00 PST,2,2,27
Tue Jan 07 2020 19:30:00 PST,2,3,7
Tue Jan 07 2020 19:30:00 PST,3,1,366
Tue Jan 07 2020 19:30:00 PST,3,2,27
Tue Jan 07 2020 19:30:00 PST,3,3,405
Tue Jan 07 2020 19:30:00 PST,4,1,3
Tue Jan 07 2020 19:30:00 PST,4,2,27
Tue Jan 07 2020 19:30:00 PST,4,3,121
Tue Jan 07 2020 19:45:00 PST,1,1,45
Tue Jan 07 2020 19:45:00 PST,1,2,29
Tue Jan 07 2020 19:45:00 PST,1,3,281
Tue Jan 07 2020 19:45:00 PST,2,1,1393
Tue Jan 07 2020 19:45:00 PST,2,2,29
Tue Jan 07 2020 19:45:00 PST,2,3,49
Tue Jan 07 2020 19:45:00 PST,3,1,20
Tue Jan 07 2020 19:45:00 PST,3,2,29
Tue Jan 07 2020 19:45:00 PST,3,3,#NA#
Tue Jan 07 2020 19:45:00 PST,4,1,#ERROR#
Tue Jan 07 2020 19:45:00 PST,4,2,29
Tue Jan 07 2020 19:45:00 PST,4,3,121
Tue Jan 07 2020 20:00:00 PST,1,1,312
Tue Jan 07 2020 20:00:00 PST,1,2,29
Tue Jan 07 2020 20:00:00 PST,1,3,426
Tue Jan 07 2020 20:00:00 PST,2,1,#ERROR#
Tue Jan 07 2020 20:00:00 PST,2,2,29
Tue Jan 07 2020 20:00:00 PST,2,3,251
Tue Jan 07 2020 20:00:00 PST,3,1,288
Tue Jan 07 2020 20:00:00 PST,3,2,29
Tue Jan 07 2020 20:00:00 PST,3,3,1
Tue Jan 07 2020 20:00:00 PST,4,1,238
Tue Jan 07 2020 20:00:00 PST,4,2,29
Tue Jan 07 2020 20:00:00 PST,4,3,7
Tue Jan 07 2020 20:15:00 PST,1,1,99
Tue Jan 07 2020 20:15:00 PST,1,2,#ERROR#
Tue Jan 07 2020 20:15:00 PST,1,3,266
Tue Jan 07 2020 20:15:00 PST,2,1,12
Tue Jan 07 2020 20:15:00 PST,2,2,29
Tue Jan 07 2020 20:15:00 PST,2,3,54
Tue Jan 07 2020 20:15:00 PST,3,1,45
Tue Jan 07 2020 20:15:00 PST,3,2,29
Tue Jan 07 2020 20:15:00 PST,3,3,54
Tue Jan 07 2020 20:15:00 PST,4,1,347
Tue Jan 07 2020 20:15:00 PST,4,2,29
Tue Jan 07 2020 20:15:00 PST,4,3,143
Tue Jan 07 2020 20:30:00 PST,1,1,106
Tue Jan 07 2020 20:30:00 PST,1,2,29
Tue Jan 07 2020 20:30:00 PST,1,3,134
Tue Jan 07 2020 20:30:00 PST,2,1,24
Tue Jan 07 2020 20:30:00 PST,2,2,29
Tue Jan 07 2020 20:30:00 PST,2,3,258
Tue Jan 07 2020 20:30:00 PST,3,1,194
Tue Jan 07 2020 20:30:00 PST,3,2,#ERROR#
Tue Jan 07 2020 20:30:00 PST,3,3,34
Tue Jan 07 2020 20:30:00 PST,4,1,29
Tue Jan 07 2020 20:30:00 PST,4,2,29
Tue Jan 07 2020 20:30:00 PST,4,3,57
Tue Jan 07 2020 20:45:00 PST,1,1,273
Tue Jan 07 2020 20:45:00 PST,1,2,29
Tue Jan 07 2020 20:45:00 PST,1,3,49
Tue Jan 07 2020 20:45:00 PST,2,1,#NA#
Tue Jan 07 2020 20:45:00 PST,2,2,#NA#
Tue Jan 07 2020 20:45:00 PST,2,3,40
Tue Jan 07 2020 20:45:00 PST,3,1,59
Tue Jan 07 2020 20:45:00 PST,3,2,29
Tue Jan 07 2020 20:45:00 PST,3,3,14
Tue Jan 07 2020 20:45:00 PST,4,1,47
Tue Jan 07 2020 20:45:00 PST,4,2,29
Tue Jan 07 2020 20:45:00 PST,4,3,231
Tue Jan 07 2020 21:00:00 PST,1,1,2
Tue Jan 07 2020 21:00:00 PST,1,2,31
Tue Jan 07 2020 21:00:00 PST,1,3,296
Tue Jan 07 2020 21:00:00 PST,2,1,106
Tue Jan 07 2020 21:00:00 PST,2,2,31
Tue Jan 07 2020 21:00:00 PST,2,3,7
Tue Jan 07 2020 21:00:00 PST,3,1,385
Tue Jan 07 2020 21:00:00 PST,3,2,31
Tue Jan 07 2020 21:00:00 PST,3,3,113
Tue Jan 07 2020 21:00:00 PST,4,1,225
Tue Jan 07 2020 21:00:00 PST,4,2,31
Tue Jan 07 2020 21:00:00 PST,4,3,347
Tue Jan 07 2020 21:15:00 PST,1,1,117
Tue Jan 07 2020 21:15:00 PST,1,2,31
Tue Jan 07 2020 21:15:00 PST,1,3,258
Tue Jan 07 2020 21:15:00 PST,2,1,200
Tue Jan 07 2020 21:15:00 PST,2,2,31
Tue Jan 07 2020 21:15:00 PST,2,3,395
Tue Jan 07 2020 21:15:00 PST,3,1,73
Tue Jan 07 2020 21:15:00 PST,3,2,31
Tue Jan 07 2020 21:15:00 PST,3,3,45
Tue Jan 07 2020 21:15:00 PST,4,1,347
Tue Jan 07 2020 21:15:00 PST,4,2,31
Tue Jan 07 2020 21:15:00 PST,4,3,416
Tue Jan 07 2020 21:30:00 PST,1,1,106
Tue Jan 07 2020 21:30:00 PST,1,2,31
Tue Jan 07 2020 21:30:00 PST,1,3,20
Tue Jan 07 2020 21:30:00 PST,2,1,266
Tue Jan 07 2020 21:30:00 PST,2,2,31
Tue Jan 07 2020 21:30:00 PST,2,3,338
Tue Jan 07 2020 21:30:00 PST,3,1,321
Tue Jan 07 2020 21:30:00 PST,3,2,31
Tue Jan 07 2020 21:30:00 PST,3,3,45
Tue Jan 07 2020 21:30:00 PST,4,1,73
Tue Jan 07 2020 21:30:00 PST,4,2,31
Tue Jan 07 2020 21:30:00 PST,4,3,38
Tue Jan 07 2020 21:45:00 PST,1,1,24
Tue Jan 07 2020 21:45:00 PST,1,2,31
Tue Jan 07 2020 21:45:00 PST,1,3,375
Tue Jan 07 2020 21:45:00 PST,2,1,31
Tue Jan 07 2020 21:45:00 PST,2,2,31
Tue Jan 07 2020 21:45:00 PST,2,3,288
Tue Jan 07 2020 21:45:00 PST,3,1,64
Tue Jan 07 2020 21:45:00 PST,3,2,31
Tue Jan 07 2020 21:45:00 PST,3,3,281
Tue Jan 07 2020 21:45:00 PST,4,1,54
Tue Jan 07 2020 21:45:00 PST,4,2,31
Tue Jan 07 2020 21:45:00 PST,4,3,99
Tue Jan 07 2020 22:00:00 PST,1,1,73
Tue Jan 07 2020 22:00:00 PST,1,2,31
Tue Jan 07 2020 22:00:00 PST,1,3,321
Tue Jan 07 2020 22:00:00 PST,2,1,138
Tue Jan 07 2020 22:00:00 PST,2,2,31
Tue Jan 07 2020 22:00:00 PST,2,3,-27
Tue Jan 07 2020 22:00:00 PST,3,1,251
Tue Jan 07 2020 22:00:00 PST,3,2,31
Tue Jan 07 2020 22:00:00 PST,3,3,2
Tue Jan 07 2020 22:00:00 PST,4,1,304
Tue Jan 07 2020 22:00:00 PST,4,2,31
Tue Jan 07 2020 22:00:00 PST,4,3,138
Tue Jan 07 2020 22:15:00 PST,1,1,106
Tue Jan 07 2020 22:15:00 PST,1,2,#ERROR#
Tue Jan 07 2020 22:15:00 PST,1,3,67
Tue Jan 07 2020 22:15:00 PST,2,1,172
Tue Jan 07 2020 22:15:00 PST,2,2,32
Tue Jan 07 2020 22:15:00 PST,2,3,47
Tue Jan 07 2020 22:15:00 PST,3,1,#ERROR#
Tue Jan 07 2020 22:15:00 PST,3,2,32
Tue Jan 07 2020 22:15:00 PST,3,3,200
Tue Jan 07 2020 22:15:00 PST,4,1,67
Tue Jan 07 2020 22:15:00 PST,4,2,32
Tue Jan 07 2020 22:15:00 PST,4,3,162
Tue Jan 07 2020 22:30:00 PST,1,1,296
Tue Jan 07 2020 22:30:00 PST,1,2,32
Tue Jan 07 2020 22:30:00 PST,1,3,113
Tue Jan 07 2020 22:30:00 PST,2,1,231
Tue Jan 07 2020 22:30:00 PST,2,2,32
Tue Jan 07 2020 22:30:00 PST,2,3,162
Tue Jan 07 2020 22:30:00 PST,3,1,426
Tue Jan 07 2020 22:30:00 PST,3,2,32
Tue Jan 07 2020 22:30:00 PST,3,3,92
Tue Jan 07 2020 22:30:00 PST,4,1,356
Tue Jan 07 2020 22:30:00 PST,4,2,32
Tue Jan 07 2020 22:30:00 PST,4,3,143
Tue Jan 07 2020 22:45:00 PST,1,1,0
Tue Jan 07 2020 22:45:00 PST,1,2,32
Tue Jan 07 2020 22:45:00 PST,1,3,38
Tue Jan 07 2020 22:45:00 PST,2,1,7
Tue Jan 07 2020 22:45:00 PST,2,2,32
Tue Jan 07 2020 22:45:00 PST,2,3,-22
Tue Jan 07 2020 22:45:00 PST,3,1,14
Tue Jan 07 2020 22:45:00 PST,3,2,32
Tue Jan 07 2020 22:45:00 PST,3,3,102
Tue Jan 07 2020 22:45:00 PST,4,1,102
Tue Jan 07 2020 22:45:00 PST,4,2,32
Tue Jan 07 2020 22:45:00 PST,4,3,#NA#
Tue Jan 07 2020 23:00:00 PST,1,1,183
Tue Jan 07 2020 23:00:00 PST,1,2,32
Tue Jan 07 2020 23:00:00 PST,1,3,110
Tue Jan 07 2020 23:00:00 PST,2,1,8
Tue Jan 07 2020 23:00:00 PST,2,2,#ERROR#
Tue Jan 07 2020 23:00:00 PST,2,3,426
Tue Jan 07 2020 23:00:00 PST,3,1,27
Tue Jan 07 2020 23:00:00 PST,3,2,32
Tue Jan 07 2020 23:00:00 PST,3,3,231
Tue Jan 07 2020 23:00:00 PST,4,1,49
Tue Jan 07 2020 23:00:00 PST,4,2,32
Tue Jan 07 2020 23:00:00 PST,4,3,288
Tue Jan 07 2020 23:15:00 PST,1,1,62
Tue Jan 07 2020 23:15:00 PST,1,2,32
Tue Jan 07 2020 23:15:00 PST,1,3,36
Tue Jan 07 2020 23:15:00 PST,2,1,347
Tue Jan 07 2020 23:15:00 PST,2,2,32
Tue Jan 07 2020 23:15:00 PST,2,3,9
Tue Jan 07 2020 23:15:00 PST,3,1,49
Tue Jan 07 2020 23:15:00 PST,3,2,32
Tue Jan 07 2020 23:15:00 PST,3,3,-65
Tue Jan 07 2020 23:15:00 PST,4,1,0
Tue Jan 07 2020 23:15:00 PST,4,2,32
Tue Jan 07 2020 23:15:00 PST,4,3,32
Tue Jan 07 2020 23:30:00 PST,1,1,162
Tue Jan 07 2020 23:30:00 PST,1,2,34
Tue Jan 07 2020 23:30:00 PST,1,3,2
Tue Jan 07 2020 23:30:00 PST,2,1,189
Tue Jan 07 2020 23:30:00 PST,2,2,34
Tue Jan 07 2020 23:30:00 PST,2,3,14
Tue Jan 07 2020 23:30:00 PST,3,1,366
Tue Jan 07 2020 23:30:00 PST,3,2,34
Tue Jan 07 2020 23:30:00 PST,3,3,85
Tue Jan 07 2020 23:30:00 PST,4,1,152
Tue Jan 07 2020 23:30:00 PST,4,2,34
Tue Jan 07 2020 23:30:00 PST,4,3,167
Tue Jan 07 2020 23:45:00 PST,1,1,238
Tue Jan 07 2020 23:45:00 PST,1,2,34
Tue Jan 07 2020 23:45:00 PST,1,3,121
Tue Jan 07 2020 23:45:00 PST,2,1,#NA#
Tue Jan 07 2020 23:45:00 PST,2,2,34
Tue Jan 07 2020 23:45:00 PST,2,3,8
Tue Jan 07 2020 23:45:00 PST,3,1,143
Tue Jan 07 2020 23:45:00 PST,3,2,34
Tue Jan 07 2020 23:45:00 PST,3,3,92
Tue Jan 07 2020 23:45:00 PST,4,1,231
Tue Jan 07 2020 23:45:00 PST,4,2,34
Tue Jan 07 2020 23:45:00 PST,4,3,183
Wed Jan 08 2020 00:00:00 PST,1,1,102
Wed Jan 08 2020 00:00:00 PST,1,2,34
Wed Jan 08 2020 00:00:00 PST,1,3,8
Wed Jan 08 2020 00:00:00 PST,2,1,#ERROR#
Wed Jan 08 2020 00:00:00 PST,2,2,34
Wed Jan 08 2020 00:00:00 PST,2,3,22
Wed Jan 08 2020 00:00:00 PST,3,1,312
Wed Jan 08 2020 00:00:00 PST,3,2,34
Wed Jan 08 2020 00:00:00 PST,3,3,148
Wed Jan 08 2020 00:00:00 PST,4,1,304
Wed Jan 08 2020 00:00:00 PST,4,2,34
Wed Jan 08 2020 00:00:00 PST,4,3,24
Wed Jan 08 2020 00:15:00 PST,1,1,5
Wed Jan 08 2020 00:15:00 PST,1,2,34
Wed Jan 08 2020 00:15:00 PST,1,3,27
Wed Jan 08 2020 00:15:00 PST,2,1,110
Wed Jan 08 2020 00:15:00 PST,2,2,34
Wed Jan 08 2020 00:15:00 PST,2,3,281
Wed Jan 08 2020 00:15:00 PST,3,1,20
Wed Jan 08 2020 00:15:00 PST,3,2,34
Wed Jan 08 2020 00:15:00 PST,3,3,218
Wed Jan 08 2020 00:15:00 PST,4,1,244
Wed Jan 08 2020 00:15:00 PST,4,2,34
Wed Jan 08 2020 00:15:00 PST,4,3,113
Wed Jan 08 2020 00:30:00 PST,1,1,178
Wed Jan 08 2020 00:30:00 PST,1,2,34
Wed Jan 08 2020 00:30:00 PST,1,3,1
Wed Jan 08 2020 00:30:00 PST,2,1,1
Wed Jan 08 2020 00:30:00 PST,2,2,34
Wed Jan 08 2020 00:30:00 PST,2,3,172
Wed Jan 08 2020 00:30:00 PST,3,1,231
Wed Jan 08 2020 00:30:00 PST,3,2,34
Wed Jan 08 2020 00:30:00 PST,3,3,206
Wed Jan 08 2020 00:30:00 PST,4,1,#ERROR#
Wed Jan 08 2020 00:30:00 PST,4,2,34
Wed Jan 08 2020 00:30:00 PST,4,3,16
Wed Jan 08 2020 00:45:00 PST,1,1,13
Wed Jan 08 2020 00:45:00 PST,1,2,36
Wed Jan 08 2020 00:45:00 PST,1,3,5
Wed Jan 08 2020 00:45:00 PST,2,1,27
Wed Jan 08 2020 00:45:00 PST,2,2,36
Wed Jan 08 2020 00:45:00 PST,2,3,2
Wed Jan 08 2020 00:45:00 PST,3,1,#ERROR#
Wed Jan 08 2020 00:45:00 PST,3,2,36
Wed Jan 08 2020 00:45:00 PST,3,3,1
Wed Jan 08 2020 00:45:00 PST,4,1,82
Wed Jan 08 2020 00:45:00 PST,4,2,36
Wed Jan 08 2020 00:45:00 PST,4,3,185
Wed Jan 08 2020 01:00:00 PST,1,1,134
Wed Jan 08 2020 01:00:00 PST,1,2,36
Wed Jan 08 2020 01:00:00 PST,1,3,183
Wed Jan 08 2020 01:00:00 PST,2,1,152
Wed Jan 08 2020 01:00:00 PST,2,2,-45
Wed Jan 08 2020 01:00:00 PST,2,3,27
Wed Jan 08 2020 01:00:00 PST,3,1,437
Wed Jan 08 2020 01:00:00 PST,3,2,36
Wed Jan 08 2020 01:00:00 PST,3,3,143
Wed Jan 08 2020 01:00:00 PST,4,1,244
Wed Jan 08 2020 01:00:00 PST,4,2,36
Wed Jan 08 2020 01:00:00 PST,4,3,7
Wed Jan 08 2020 01:15:00 PST,1,1,99
Wed Jan 08 2020 01:15:00 PST,1,2,36
Wed Jan 08 2020 01:15:00 PST,1,3,16
Wed Jan 08 2020 01:15:00 PST,2,1,8
Wed Jan 08 2020 01:15:00 PST,2,2,36
Wed Jan 08 2020 01:15:00 PST,2,3,#ERROR#
Wed Jan 08 2020 01:15:00 PST,3,1,157
Wed Jan 08 2020 01:15:00 PST,3,2,36
Wed Jan 08 2020 01:15:00 PST,3,3,16
Wed Jan 08 2020 01:15:00 PST,4,1,157
Wed Jan 08 2020 01:15:00 PST,4,2,36
Wed Jan 08 2020 01:15:00 PST,4,3,85
Wed Jan 08 2020 01:30:00 PST,1,1,17
Wed Jan 08 2020 01:30:00 PST,1,2,36
Wed Jan 08 2020 01:30:00 PST,1,3,43
Wed Jan 08 2020 01:30:00 PST,2,1,162
Wed Jan 08 2020 01:30:00 PST,2,2,36
Wed Jan 08 2020 01:30:00 PST,2,3,231
Wed Jan 08 2020 01:30:00 PST,3,1,29
Wed Jan 08 2020 01:30:00 PST,3,2,36
Wed Jan 08 2020 01:30:00 PST,3,3,385
Wed Jan 08 2020 01:30:00 PST,4,1,19
Wed Jan 08 2020 01:30:00 PST,4,2,#NA#
Wed Jan 08 2020 01:30:00 PST,4,3,130
Wed Jan 08 2020 01:45:00 PST,1,1,157
Wed Jan 08 2020 01:45:00 PST,1,2,36
Wed Jan 08 2020 01:45:00 PST,1,3,385
Wed Jan 08 2020 01:45:00 PST,2,1,121
Wed Jan 08 2020 01:45:00 PST,2,2,36
Wed Jan 08 2020 01:45:00 PST,2,3,321
Wed Jan 08 2020 01:45:00 PST,3,1,64
Wed Jan 08 2020 01:45:00 PST,3,2,36
Wed Jan 08 2020 01:45:00 PST,3,3,43
Wed Jan 08 2020 01:45:00 PST,4,1,212
Wed Jan 08 2020 01:45:00 PST,4,2,36
Wed Jan 08 2020 01:45:00 PST,4,3,43
Wed Jan 08 2020 02:00:00 PST,1,1,73
Wed Jan 08 2020 02:00:00 PST,1,2,38
Wed Jan 08 2020 02:00:00 PST,1,3,251
Wed Jan 08 2020 02:00:00 PST,2,1,395
Wed Jan 08 2020 02:00:00 PST,2,2,38
Wed Jan 08 2020 02:00:00 PST,2,3,10
Wed Jan 08 2020 02:00:00 PST,3,1,138
Wed Jan 08 2020 02:00:00 PST,3,2,38
Wed Jan 08 2020 02:00:00 PST,3,3,-93
Wed Jan 08 2020 02:00:00 PST,4,1,79
Wed Jan 08 2020 02:00:00 PST,4,2,-7
Wed Jan 08 2020 02:00:00 PST,4,3,1143
Wed Jan 08 2020 02:15:00 PST,1,1,448
Wed Jan 08 2020 02:15:00 PST,1,2,38
Wed Jan 08 2020 02:15:00 PST,1,3,121
Wed Jan 08 2020 02:15:00 PST,2,1,73
Wed Jan 08 2020 02:15:00 PST,2,2,38
Wed Jan 08 2020 02:15:00 PST,2,3,1
Wed Jan 08 2020 02:15:00 PST,3,1,448
Wed Jan 08 2020 02:15:00 PST,3,2,#NA#
Wed Jan 08 2020 02:15:00 PST,3,3,1
Wed Jan 08 2020 02:15:00 PST,4,1,258
Wed Jan 08 2020 02:15:00 PST,4,2,38
Wed Jan 08 2020 02:15:00 PST,4,3,296
Wed Jan 08 2020 02:30:00 PST,1,1,218
Wed Jan 08 2020 02:30:00 PST,1,2,38
Wed Jan 08 2020 02:30:00 PST,1,3,57
Wed Jan 08 2020 02:30:00 PST,2,1,189
Wed Jan 08 2020 02:30:00 PST,2,2,38
Wed Jan 08 2020 02:30:00 PST,2,3,385
Wed Jan 08 2020 02:30:00 PST,3,1,16
Wed Jan 08 2020 02:30:00 PST,3,2,38
Wed Jan 08 2020 02:30:00 PST,3,3,32
Wed Jan 08 2020 02:30:00 PST,4,1,92
Wed Jan 08 2020 02:30:00 PST,4,2,38
Wed Jan 08 2020 02:30:00 PST,4,3,45
Wed Jan 08 2020 02:45:00 PST,1,1,12
Wed Jan 08 2020 02:45:00 PST,1,2,-38
Wed Jan 08 2020 02:45:00 PST,1,3,45
Wed Jan 08 2020 02:45:00 PST,2,1,395
Wed Jan 08 2020 02:45:00 PST,2,2,38
Wed Jan 08 2020 02:45:00 PST,2,3,437
Wed Jan 08 2020 02:45:00 PST,3,1,54
Wed Jan 08 2020 02:45:00 PST,3,2,38
Wed Jan 08 2020 02:45:00 PST,3,3,126
Wed Jan 08 2020 02:45:00 PST,4,1,102
Wed Jan 08 2020 02:45:00 PST,4,2,38
Wed Jan 08 2020 02:45:00 PST,4,3,5
Wed Jan 08 2020 03:00:00 PST,1,1,29
Wed Jan 08 2020 03:00:00 PST,1,2,38
Wed Jan 08 2020 03:00:00 PST,1,3,281
Wed Jan 08 2020 03:00:00 PST,2,1,12
Wed Jan 08 2020 03:00:00 PST,2,2,38
Wed Jan 08 2020 03:00:00 PST,2,3,99
Wed Jan 08 2020 03:00:00 PST,3,1,304
Wed Jan 08 2020 03:00:00 PST,3,2,38
Wed Jan 08 2020 03:00:00 PST,3,3,29
Wed Jan 08 2020 03:00:00 PST,4,1,138
Wed Jan 08 2020 03:00:00 PST,4,2,38
Wed Jan 08 2020 03:00:00 PST,4,3,385
Wed Jan 08 2020 03:15:00 PST,1,1,416
Wed Jan 08 2020 03:15:00 PST,1,2,40
Wed Jan 08 2020 03:15:00 PST,1,3,212
Wed Jan 08 2020 03:15:00 PST,2,1,167
Wed Jan 08 2020 03:15:00 PST,2,2,40
Wed Jan 08 2020 03:15:00 PST,2,3,117
Wed Jan 08 2020 03:15:00 PST,3,1,64
Wed Jan 08 2020 03:15:00 PST,3,2,-87
Wed Jan 08 2020 03:15:00 PST,3,3,416
Wed Jan 08 2020 03:15:00 PST,4,1,2
Wed Jan 08 2020 03:15:00 PST,4,2,40
Wed Jan 08 2020 03:15:00 PST,4,3,296
Wed Jan 08 2020 03:30:00 PST,1,1,448
Wed Jan 08 2020 03:30:00 PST,1,2,40
Wed Jan 08 2020 03:30:00 PST,1,3,338
Wed Jan 08 2020 03:30:00 PST,2,1,2
Wed Jan 08 2020 03:30:00 PST,2,2,40
Wed Jan 08 2020 03:30:00 PST,2,3,70
Wed Jan 08 2020 03:30:00 PST,3,1,0
Wed Jan 08 2020 03:30:00 PST,3,2,40
Wed Jan 08 2020 03:30:00 PST,3,3,#NA#
Wed Jan 08 2020 03:30:00 PST,4,1,288
Wed Jan 08 2020 03:30:00 PST,4,2,40
Wed Jan 08 2020 03:30:00 PST,4,3,#ERROR#
Wed Jan 08 2020 03:45:00 PST,1,1,138
Wed Jan 08 2020 03:45:00 PST,1,2,40
Wed Jan 08 2020 03:45:00 PST,1,3,225
Wed Jan 08 2020 03:45:00 PST,2,1,17
Wed Jan 08 2020 03:45:00 PST,2,2,40
Wed Jan 08 2020 03:45:00 PST,2,3,62
Wed Jan 08 2020 03:45:00 PST,3,1,40
Wed Jan 08 2020 03:45:00 PST,3,2,40
Wed Jan 08 2020 03:45:00 PST,3,3,110
Wed Jan 08 2020 03:45:00 PST,4,1,405
Wed Jan 08 2020 03:45:00 PST,4,2,40
Wed Jan 08 2020 03:45:00 PST,4,3,126
Wed Jan 08 2020 04:00:00 PST,1,1,167
Wed Jan 08 2020 04:00:00 PST,1,2,#NA#
Wed Jan 08 2020 04:00:00 PST,1,3,395
Wed Jan 08 2020 04:00:00 PST,2,1,#NA#
Wed Jan 08 2020 04:00:00 PST,2,2,40
Wed Jan 08 2020 04:00:00 PST,2,3,251
Wed Jan 08 2020 04:00:00 PST,3,1,189
Wed Jan 08 2020 04:00:00 PST,3,2,40
Wed Jan 08 2020 04:00:00 PST,3,3,152
Wed Jan 08 2020 04:00:00 PST,4,1,148
Wed Jan 08 2020 04:00:00 PST,4,2,40
Wed Jan 08 2020 04:00:00 PST,4,3,338
Wed Jan 08 2020 04:15:00 PST,1,1,126
Wed Jan 08 2020 04:15:00 PST,1,2,40
Wed Jan 08 2020 04:15:00 PST,1,3,92
Wed Jan 08 2020 04:15:00 PST,2,1,258
Wed Jan 08 2020 04:15:00 PST,2,2,40
Wed Jan 08 2020 04:15:00 PST,2,3,231
Wed Jan 08 2020 04:15:00 PST,3,1,31
Wed Jan 08 2020 04:15:00 PST,3,2,40
Wed Jan 08 2020 04:15:00 PST,3,3,45
Wed Jan 08 2020 04:15:00 PST,4,1,188
Wed Jan 08 2020 04:15:00 PST,4,2,40
Wed Jan 08 2020 04:15:00 PST,4,3,43
Wed Jan 08 2020 04:30:00 PST,1,1,296
Wed Jan 08 2020 04:30:00 PST,1,2,#ERROR#
Wed Jan 08 2020 04:30:00 PST,1,3,130
Wed Jan 08 2020 04:30:00 PST,2,1,167
Wed Jan 08 2020 04:30:00 PST,2,2,43
Wed Jan 08 2020 04:30:00 PST,2,3,#NA#
Wed Jan 08 2020 04:30:00 PST,3,1,8
Wed Jan 08 2020 04:30:00 PST,3,2,43
Wed Jan 08 2020 04:30:00 PST,3,3,34
Wed Jan 08 2020 04:30:00 PST,4,1,130
Wed Jan 08 2020 04:30:00 PST,4,2,43
Wed Jan 08 2020 04:30:00 PST,4,3,29
Wed Jan 08 2020 04:45:00 PST,1,1,167
Wed Jan 08 2020 04:45:00 PST,1,2,43
Wed Jan 08 2020 04:45:00 PST,1,3,82
Wed Jan 08 2020 04:45:00 PST,2,1,25
Wed Jan 08 2020 04:45:00 PST,2,2,43
Wed Jan 08 2020 04:45:00 PST,2,3,7
Wed Jan 08 2020 04:45:00 PST,3,1,3
Wed Jan 08 2020 04:45:00 PST,3,2,43
Wed Jan 08 2020 04:45:00 PST,3,3,70
Wed Jan 08 2020 04:45:00 PST,4,1,212
Wed Jan 08 2020 04:45:00 PST,4,2,43
Wed Jan 08 2020 04:45:00 PST,4,3,2
Wed Jan 08 2020 05:00:00 PST,1,1,244
Wed Jan 08 2020 05:00:00 PST,1,2,43
Wed Jan 08 2020 05:00:00 PST,1,3,79
Wed Jan 08 2020 05:00:00 PST,2,1,206
Wed Jan 08 2020 05:00:00 PST,2,2,43
Wed Jan 08 2020 05:00:00 PST,2,3,437
Wed Jan 08 2020 05:00:00 PST,3,1,45
Wed Jan 08 2020 05:00:00 PST,3,2,#ERROR#
Wed Jan 08 2020 05:00:00 PST,3,3,16
Wed Jan 08 2020 05:00:00 PST,4,1,288
Wed Jan 08 2020 05:00:00 PST,4,2,43
Wed Jan 08 2020 05:00:00 PST,4,3,347
Wed Jan 08 2020 05:15:00 PST,1,1,2
Wed Jan 08 2020 05:15:00 PST,1,2,43
Wed Jan 08 2020 05:15:00 PST,1,3,225
Wed Jan 08 2020 05:15:00 PST,2,1,347
Wed Jan 08 2020 05:15:00 PST,2,2,43
Wed Jan 08 2020 05:15:00 PST,2,3,296
Wed Jan 08 2020 05:15:00 PST,3,1,304
Wed Jan 08 2020 05:15:00 PST,3,2,43
Wed Jan 08 2020 05:15:00 PST,3,3,288
Wed Jan 08 2020 05:15:00 PST,4,1,82
Wed Jan 08 2020 05:15:00 PST,4,2,43
Wed Jan 08 2020 05:15:00 PST,4,3,385
Wed Jan 08 2020 05:30:00 PST,1,1,251
Wed Jan 08 2020 05:30:00 PST,1,2,43
Wed Jan 08 2020 05:30:00 PST,1,3,366
Wed Jan 08 2020 05:30:00 PST,2,1,117
Wed Jan 08 2020 05:30:00 PST,2,2,43
Wed Jan 08 2020 05:30:00 PST,2,3,4
Wed Jan 08 2020 05:30:00 PST,3,1,14
Wed Jan 08 2020 05:30:00 PST,3,2,43
Wed Jan 08 2020 05:30:00 PST,3,3,296
Wed Jan 08 2020 05:30:00 PST,4,1,212
Wed Jan 08 2020 05:30:00 PST,4,2,43
Wed Jan 08 2020 05:30:00 PST,4,3,45
Wed Jan 08 2020 05:45:00 PST,1,1,16
Wed Jan 08 2020 05:45:00 PST,1,2,45
Wed Jan 08 2020 05:45:00 PST,1,3,266
Wed Jan 08 2020 05:45:00 PST,2,1,273
Wed Jan 08 2020 05:45:00 PST,2,2,45
Wed Jan 08 2020 05:45:00 PST,2,3,172
Wed Jan 08 2020 05:45:00 PST,3,1,57
Wed Jan 08 2020 05:45:00 PST,3,2,45
Wed Jan 08 2020 05:45:00 PST,3,3,-65
Wed Jan 08 2020 05:45:00 PST,4,1,82
Wed Jan 08 2020 05:45:00 PST,4,2,45
Wed Jan 08 2020 05:45:00 PST,4,3,64
Wed Jan 08 2020 06:00:00 PST,1,1,231
Wed Jan 08 2020 06:00:00 PST,1,2,45
Wed Jan 08 2020 06:00:00 PST,1,3,29
Wed Jan 08 2020 06:00:00 PST,2,1,16
Wed Jan 08 2020 06:00:00 PST,2,2,45
Wed Jan 08 2020 06:00:00 PST,2,3,206
Wed Jan 08 2020 06:00:00 PST,3,1,52
Wed Jan 08 2020 06:00:00 PST,3,2,45
Wed Jan 08 2020 06:00:00 PST,3,3,64
Wed Jan 08 2020 06:00:00 PST,4,1,194
Wed Jan 08 2020 06:00:00 PST,4,2,45
Wed Jan 08 2020 06:00:00 PST,4,3,304
Wed Jan 08 2020 06:15:00 PST,1,1,329
Wed Jan 08 2020 06:15:00 PST,1,2,45
Wed Jan 08 2020 06:15:00 PST,1,3,-20
Wed Jan 08 2020 06:15:00 PST,2,1,2
Wed Jan 08 2020 06:15:00 PST,2,2,45
Wed Jan 08 2020 06:15:00 PST,2,3,12
Wed Jan 08 2020 06:15:00 PST,3,1,495
Wed Jan 08 2020 06:15:00 PST,3,2,45
Wed Jan 08 2020 06:15:00 PST,3,3,200
Wed Jan 08 2020 06:15:00 PST,4,1,296
Wed Jan 08 2020 06:15:00 PST,4,2,45
Wed Jan 08 2020 06:15:00 PST,4,3,9
Wed Jan 08 2020 06:30:00 PST,1,1,-75
Wed Jan 08 2020 06:30:00 PST,1,2,#NA#
Wed Jan 08 2020 06:30:00 PST,1,3,288
Wed Jan 08 2020 06:30:00 PST,2,1,76
Wed Jan 08 2020 06:30:00 PST,2,2,45
Wed Jan 08 2020 06:30:00 PST,2,3,212
Wed Jan 08 2020 06:30:00 PST,3,1,148
Wed Jan 08 2020 06:30:00 PST,3,2,45
Wed Jan 08 2020 06:30:00 PST,3,3,218
Wed Jan 08 2020 06:30:00 PST,4,1,338
Wed Jan 08 2020 06:30:00 PST,4,2,45
Wed Jan 08 2020 06:30:00 PST,4,3,64
Wed Jan 08 2020 06:45:00 PST,1,1,16
Wed Jan 08 2020 06:45:00 PST,1,2,45
Wed Jan 08 2020 06:45:00 PST,1,3,178
Wed Jan 08 2020 06:45:00 PST,2,1,40
Wed Jan 08 2020 06:45:00 PST,2,2,45
Wed Jan 08 2020 06:45:00 PST,2,3,79
Wed Jan 08 2020 06:45:00 PST,3,1,138
Wed Jan 08 2020 06:45:00 PST,3,2,601
Wed Jan 08 2020 06:45:00 PST,3,3,7
Wed Jan 08 2020 06:45:00 PST,4,1,24
Wed Jan 08 2020 06:45:00 PST,4,2,45
Wed Jan 08 2020 06:45:00 PST,4,3,321
Wed Jan 08 2020 07:00:00 PST,1,1,138
Wed Jan 08 2020 07:00:00 PST,1,2,47
Wed Jan 08 2020 07:00:00 PST,1,3,385
Wed Jan 08 2020 07:00:00 PST,2,1,225
Wed Jan 08 2020 07:00:00 PST,2,2,47
Wed Jan 08 2020 07:00:00 PST,2,3,206
Wed Jan 08 2020 07:00:00 PST,3,1,347
Wed Jan 08 2020 07:00:00 PST,3,2,-42
Wed Jan 08 2020 07:00:00 PST,3,3,266
Wed Jan 08 2020 07:00:00 PST,4,1,329
Wed Jan 08 2020 07:00:00 PST,4,2,1046
Wed Jan 08 2020 07:00:00 PST,4,3,2
Wed Jan 08 2020 07:15:00 PST,1,1,76
Wed Jan 08 2020 07:15:00 PST,1,2,47
Wed Jan 08 2020 07:15:00 PST,1,3,79
Wed Jan 08 2020 07:15:00 PST,2,1,12
Wed Jan 08 2020 07:15:00 PST,2,2,47
Wed Jan 08 2020 07:15:00 PST,2,3,138
Wed Jan 08 2020 07:15:00 PST,3,1,0
Wed Jan 08 2020 07:15:00 PST,3,2,47
Wed Jan 08 2020 07:15:00 PST,3,3,405
Wed Jan 08 2020 07:15:00 PST,4,1,2
Wed Jan 08 2020 07:15:00 PST,4,2,47
Wed Jan 08 2020 07:15:00 PST,4,3,426
Wed Jan 08 2020 07:30:00 PST,1,1,102
Wed Jan 08 2020 07:30:00 PST,1,2,47
Wed Jan 08 2020 07:30:00 PST,1,3,99
Wed Jan 08 2020 07:30:00 PST,2,1,178
Wed Jan 08 2020 07:30:00 PST,2,2,47
Wed Jan 08 2020 07:30:00 PST,2,3,10
Wed Jan 08 2020 07:30:00 PST,3,1,416
Wed Jan 08 2020 07:30:00 PST,3,2,47
Wed Jan 08 2020 07:30:00 PST,3,3,79
Wed Jan 08 2020 07:30:00 PST,4,1,395
Wed Jan 08 2020 07:30:00 PST,4,2,47
Wed Jan 08 2020 07:30:00 PST,4,3,62
Wed Jan 08 2020 07:45:00 PST,1,1,43
Wed Jan 08 2020 07:45:00 PST,1,2,47
Wed Jan 08 2020 07:45:00 PST,1,3,385
Wed Jan 08 2020 07:45:00 PST,2,1,36
Wed Jan 08 2020 07:45:00 PST,2,2,47
Wed Jan 08 2020 07:45:00 PST,2,3,16
Wed Jan 08 2020 07:45:00 PST,3,1,281
Wed Jan 08 2020 07:45:00 PST,3,2,47
Wed Jan 08 2020 07:45:00 PST,3,3,#NA#
Wed Jan 08 2020 07:45:00 PST,4,1,3
Wed Jan 08 2020 07:45:00 PST,4,2,47
Wed Jan 08 2020 07:45:00 PST,4,3,31
Wed Jan 08 2020 08:00:00 PST,1,1,200
Wed Jan 08 2020 08:00:00 PST,1,2,47
Wed Jan 08 2020 08:00:00 PST,1,3,29
Wed Jan 08 2020 08:00:00 PST,2,1,102
Wed Jan 08 2020 08:00:00 PST,2,2,47
Wed Jan 08 2020 08:00:00 PST,2,3,231
Wed Jan 08 2020 08:00:00 PST,3,1,#NA#
Wed Jan 08 2020 08:00:00 PST,3,2,47
Wed Jan 08 2020 08:00:00 PST,3,3,38
Wed Jan 08 2020 08:00:00 PST,4,1,347
Wed Jan 08 2020 08:00:00 PST,4,2,47
Wed Jan 08 2020 08:00:00 PST,4,3,273
Wed Jan 08 2020 08:15:00 PST,1,1,79
Wed Jan 08 2020 08:15:00 PST,1,2,49
Wed Jan 08 2020 08:15:00 PST,1,3,34
Wed Jan 08 2020 08:15:00 PST,2,1,62
Wed Jan 08 2020 08:15:00 PST,2,2,49
Wed Jan 08 2020 08:15:00 PST,2,3,22
Wed Jan 08 2020 08:15:00 PST,3,1,13
Wed Jan 08 2020 08:15:00 PST,3,2,49
Wed Jan 08 2020 08:15:00 PST,3,3,296
Wed Jan 08 2020 08:15:00 PST,4,1,304
Wed Jan 08 2020 08:15:00 PST,4,2,49
Wed Jan 08 2020 08:15:00 PST,4,3,356
Wed Jan 08 2020 08:30:00 PST,1,1,32
Wed Jan 08 2020 08:30:00 PST,1,2,49
Wed Jan 08 2020 08:30:00 PST,1,3,366
Wed Jan 08 2020 08:30:00 PST,2,1,67
Wed Jan 08 2020 08:30:00 PST,2,2,49
Wed Jan 08 2020 08:30:00 PST,2,3,395
Wed Jan 08 2020 08:30:00 PST,3,1,31
Wed Jan 08 2020 08:30:00 PST,3,2,49
Wed Jan 08 2020 08:30:00 PST,3,3,273
Wed Jan 08 2020 08:30:00 PST,4,1,25
Wed Jan 08 2020 08:30:00 PST,4,2,49
Wed Jan 08 2020 08:30:00 PST,4,3,130
Wed Jan 08 2020 08:45:00 PST,1,1,266
Wed Jan 08 2020 08:45:00 PST,1,2,49
Wed Jan 08 2020 08:45:00 PST,1,3,172
Wed Jan 08 2020 08:45:00 PST,2,1,#ERROR#
Wed Jan 08 2020 08:45:00 PST,2,2,49
Wed Jan 08 2020 08:45:00 PST,2,3,304
Wed Jan 08 2020 08:45:00 PST,3,1,#NA#
Wed Jan 08 2020 08:45:00 PST,3,2,49
Wed Jan 08 2020 08:45:00 PST,3,3,167
Wed Jan 08 2020 08:45:00 PST,4,1,113
Wed Jan 08 2020 08:45:00 PST,4,2,153
Wed Jan 08 2020 08:45:00 PST,4,3,92
Wed Jan 08 2020 09:00:00 PST,1,1,10
Wed Jan 08 2020 09:00:00 PST,1,2,49
Wed Jan 08 2020 09:00:00 PST,1,3,225
Wed Jan 08 2020 09:00:00 PST,2,1,148
Wed Jan 08 2020 09:00:00 PST,2,2,#ERROR#
Wed Jan 08 2020 09:00:00 PST,2,3,40
Wed Jan 08 2020 09:00:00 PST,3,1,#ERROR#
Wed Jan 08 2020 09:00:00 PST,3,2,49
Wed Jan 08 2020 09:00:00 PST,3,3,19
Wed Jan 08 2020 09:00:00 PST,4,1,143
Wed Jan 08 2020 09:00:00 PST,4,2,49
Wed Jan 08 2020 09:00:00 PST,4,3,200
Wed Jan 08 2020 09:15:00 PST,1,1,13
Wed Jan 08 2020 09:15:00 PST,1,2,49
Wed Jan 08 2020 09:15:00 PST,1,3,49
Wed Jan 08 2020 09:15:00 PST,2,1,1
Wed Jan 08 2020 09:15:00 PST,2,2,49
Wed Jan 08 2020 09:15:00 PST,2,3,167
Wed Jan 08 2020 09:15:00 PST,3,1,34
Wed Jan 08 2020 09:15:00 PST,3,2,49
Wed Jan 08 2020 09:15:00 PST,3,3,#ERROR#
Wed Jan 08 2020 09:15:00 PST,4,1,38
Wed Jan 08 2020 09:15:00 PST,4,2,49
Wed Jan 08 2020 09:15:00 PST,4,3,356
Wed Jan 08 2020 09:30:00 PST,1,1,73
Wed Jan 08 2020 09:30:00 PST,1,2,52
Wed Jan 08 2020 09:30:00 PST,1,3,356
Wed Jan 08 2020 09:30:00 PST,2,1,-91
Wed Jan 08 2020 09:30:00 PST,2,2,52
Wed Jan 08 2020 09:30:00 PST,2,3,356
Wed Jan 08 2020 09:30:00 PST,3,1,9
Wed Jan 08 2020 09:30:00 PST,3,2,52
Wed Jan 08 2020 09:30:00 PST,3,3,#NA#
Wed Jan 08 2020 09:30:00 PST,4,1,92
Wed Jan 08 2020 09:30:00 PST,4,2,-99
Wed Jan 08 2020 09:30:00 PST,4,3,172
Wed Jan 08 2020 09:45:00 PST,1,1,266
Wed Jan 08 2020 09:45:00 PST,1,2,52
Wed Jan 08 2020 09:45:00 PST,1,3,395
Wed Jan 08 2020 09:45:00 PST,2,1,-45
Wed Jan 08 2020 09:45:00 PST,2,2,52
Wed Jan 08 2020 09:45:00 PST,2,3,22
Wed Jan 08 2020 09:45:00 PST,3,1,172
Wed Jan 08 2020 09:45:00 PST,3,2,-63
Wed Jan 08 2020 09:45:00 PST,3,3,79
Wed Jan 08 2020 09:45:00 PST,4,1,405
Wed Jan 08 2020 09:45:00 PST,4,2,52
Wed Jan 08 2020 09:45:00 PST,4,3,29
Wed Jan 08 2020 10:00:00 PST,1,1,#NA#
Wed Jan 08 2020 10:00:00 PST,1,2,52
Wed Jan 08 2020 10:00:00 PST,1,3,82
Wed Jan 08 2020 10:00:00 PST,2,1,134
Wed Jan 08 2020 10:00:00 PST,2,2,52
Wed Jan 08 2020 10:00:00 PST,2,3,321
Wed Jan 08 2020 10:00:00 PST,3,1,138
Wed Jan 08 2020 10:00:00 PST,3,2,52
Wed Jan 08 2020 10:00:00 PST,3,3,22
Wed Jan 08 2020 10:00:00 PST,4,1,-35
Wed Jan 08 2020 10:00:00 PST,4,2,52
Wed Jan 08 2020 10:00:00 PST,4,3,7
Wed Jan 08 2020 10:15:00 PST,1,1,134
Wed Jan 08 2020 10:15:00 PST,1,2,52
Wed Jan 08 2020 10:15:00 PST,1,3,36
Wed Jan 08 2020 10:15:00 PST,2,1,73
Wed Jan 08 2020 10:15:00 PST,2,2,52
Wed Jan 08 2020 10:15:00 PST,2,3,573
Wed Jan 08 2020 10:15:00 PST,3,1,181
Wed Jan 08 2020 10:15:00 PST,3,2,52
Wed Jan 08 2020 10:15:00 PST,3,3,206
Wed Jan 08 2020 10:15:00 PST,4,1,-73
Wed Jan 08 2020 10:15:00 PST,4,2,52
Wed Jan 08 2020 10:15:00 PST,4,3,183
Wed Jan 08 2020 10:30:00 PST,1,1,4
Wed Jan 08 2020 10:30:00 PST,1,2,52
Wed Jan 08 2020 10:30:00 PST,1,3,13
Wed Jan 08 2020 10:30:00 PST,2,1,-38
Wed Jan 08 2020 10:30:00 PST,2,2,52
Wed Jan 08 2020 10:30:00 PST,2,3,88
Wed Jan 08 2020 10:30:00 PST,3,1,225
Wed Jan 08 2020 10:30:00 PST,3,2,52
Wed Jan 08 2020 10:30:00 PST,3,3,19
Wed Jan 08 2020 10:30:00 PST,4,1,304
Wed Jan 08 2020 10:30:00 PST,4,2,52
Wed Jan 08 2020 10:30:00 PST,4,3,43
Wed Jan 08 2020 10:45:00 PST,1,1,162
Wed Jan 08 2020 10:45:00 PST,1,2,54
Wed Jan 08 2020 10:45:00 PST,1,3,158
Wed Jan 08 2020 10:45:00 PST,2,1,20
Wed Jan 08 2020 10:45:00 PST,2,2,54
Wed Jan 08 2020 10:45:00 PST,2,3,16
Wed Jan 08 2020 10:45:00 PST,3,1,162
Wed Jan 08 2020 10:45:00 PST,3,2,54
Wed Jan 08 2020 10:45:00 PST,3,3,0
Wed Jan 08 2020 10:45:00 PST,4,1,645
Wed Jan 08 2020 10:45:00 PST,4,2,54
Wed Jan 08 2020 10:45:00 PST,4,3,#ERROR#
Wed Jan 08 2020 11:00:00 PST,1,1,82
Wed Jan 08 2020 11:00:00 PST,1,2,54
Wed Jan 08 2020 11:00:00 PST,1,3,258
Wed Jan 08 2020 11:00:00 PST,2,1,218
Wed Jan 08 2020 11:00:00 PST,2,2,54
Wed Jan 08 2020 11:00:00 PST,2,3,385
Wed Jan 08 2020 11:00:00 PST,3,1,13
Wed Jan 08 2020 11:00:00 PST,3,2,54
Wed Jan 08 2020 11:00:00 PST,3,3,395
Wed Jan 08 2020 11:00:00 PST,4,1,62
Wed Jan 08 2020 11:00:00 PST,4,2,54
Wed Jan 08 2020 11:00:00 PST,4,3,0
Wed Jan 08 2020 11:15:00 PST,1,1,281
Wed Jan 08 2020 11:15:00 PST,1,2,54
Wed Jan 08 2020 11:15:00 PST,1,3,148
Wed Jan 08 2020 11:15:00 PST,2,1,45
Wed Jan 08 2020 11:15:00 PST,2,2,54
Wed Jan 08 2020 11:15:00 PST,2,3,4
Wed Jan 08 2020 11:15:00 PST,3,1,29
Wed Jan 08 2020 11:15:00 PST,3,2,54
Wed Jan 08 2020 11:15:00 PST,3,3,31
Wed Jan 08 2020 11:15:00 PST,4,1,3
Wed Jan 08 2020 11:15:00 PST,4,2,54
Wed Jan 08 2020 11:15:00 PST,4,3,448
Wed Jan 08 2020 11:30:00 PST,1,1,102
Wed Jan 08 2020 11:30:00 PST,1,2,54
Wed Jan 08 2020 11:30:00 PST,1,3,189
Wed Jan 08 2020 11:30:00 PST,2,1,13
Wed Jan 08 2020 11:30:00 PST,2,2,54
Wed Jan 08 2020 11:30:00 PST,2,3,266
Wed Jan 08 2020 11:30:00 PST,3,1,85
Wed Jan 08 2020 11:30:00 PST,3,2,54
Wed Jan 08 2020 11:30:00 PST,3,3,121
Wed Jan 08 2020 11:30:00 PST,4,1,231
Wed Jan 08 2020 11:30:00 PST,4,2,54
Wed Jan 08 2020 11:30:00 PST,4,3,12
Wed Jan 08 2020 11:45:00 PST,1,1,25
Wed Jan 08 2020 11:45:00 PST,1,2,54
Wed Jan 08 2020 11:45:00 PST,1,3,212
Wed Jan 08 2020 11:45:00 PST,2,1,14
Wed Jan 08 2020 11:45:00 PST,2,2,54
Wed Jan 08 2020 11:45:00 PST,2,3,82
Wed Jan 08 2020 11:45:00 PST,3,1,212
Wed Jan 08 2020 11:45:00 PST,3,2,54
Wed Jan 08 2020 11:45:00 PST,3,3,296
Wed Jan 08 2020 11:45:00 PST,4,1,126
Wed Jan 08 2020 11:45:00 PST,4,2,54
Wed Jan 08 2020 11:45:00 PST,4,3,138
Wed Jan 08 2020 12:00:00 PST,1,1,10
Wed Jan 08 2020 12:00:00 PST,1,2,57
Wed Jan 08 2020 12:00:00 PST,1,3,218
Wed Jan 08 2020 12:00:00 PST,2,1,64
Wed Jan 08 2020 12:00:00 PST,2,2,57
Wed Jan 08 2020 12:00:00 PST,2,3,143
Wed Jan 08 2020 12:00:00 PST,3,1,4
Wed Jan 08 2020 12:00:00 PST,3,2,57
Wed Jan 08 2020 12:00:00 PST,3,3,329
Wed Jan 08 2020 12:00:00 PST,4,1,375
Wed Jan 08 2020 12:00:00 PST,4,2,57
Wed Jan 08 2020 12:00:00 PST,4,3,19
Wed Jan 08 2020 12:15:00 PST,1,1,437
Wed Jan 08 2020 12:15:00 PST,1,2,57
Wed Jan 08 2020 12:15:00 PST,1,3,448
Wed Jan 08 2020 12:15:00 PST,2,1,134
Wed Jan 08 2020 12:15:00 PST,2,2,#ERROR#
Wed Jan 08 2020 12:15:00 PST,2,3,38
Wed Jan 08 2020 12:15:00 PST,3,1,5
Wed Jan 08 2020 12:15:00 PST,3,2,57
Wed Jan 08 2020 12:15:00 PST,3,3,7
Wed Jan 08 2020 12:15:00 PST,4,1,385
Wed Jan 08 2020 12:15:00 PST,4,2,57
Wed Jan 08 2020 12:15:00 PST,4,3,57
Wed Jan 08 2020 12:30:00 PST,1,1,54
Wed Jan 08 2020 12:30:00 PST,1,2,57
Wed Jan 08 2020 12:30:00 PST,1,3,288
Wed Jan 08 2020 12:30:00 PST,2,1,57
Wed Jan 08 2020 12:30:00 PST,2,2,57
Wed Jan 08 2020 12:30:00 PST,2,3,57
Wed Jan 08 2020 12:30:00 PST,3,1,34
Wed Jan 08 2020 12:30:00 PST,3,2,57
Wed Jan 08 2020 12:30:00 PST,3,3,251
Wed Jan 08 2020 12:30:00 PST,4,1,385
Wed Jan 08 2020 12:30:00 PST,4,2,#ERROR#
Wed Jan 08 2020 12:30:00 PST,4,3,375
Wed Jan 08 2020 12:45:00 PST,1,1,110
Wed Jan 08 2020 12:45:00 PST,1,2,57
Wed Jan 08 2020 12:45:00 PST,1,3,#NA#
Wed Jan 08 2020 12:45:00 PST,2,1,19
Wed Jan 08 2020 12:45:00 PST,2,2,57
Wed Jan 08 2020 12:45:00 PST,2,3,32
Wed Jan 08 2020 12:45:00 PST,3,1,20
Wed Jan 08 2020 12:45:00 PST,3,2,57
Wed Jan 08 2020 12:45:00 PST,3,3,79
Wed Jan 08 2020 12:45:00 PST,4,1,#NA#
Wed Jan 08 2020 12:45:00 PST,4,2,57
Wed Jan 08 2020 12:45:00 PST,4,3,159
Wed Jan 08 2020 13:00:00 PST,1,1,189
Wed Jan 08 2020 13:00:00 PST,1,2,57
Wed Jan 08 2020 13:00:00 PST,1,3,17
Wed Jan 08 2020 13:00:00 PST,2,1,110
Wed Jan 08 2020 13:00:00 PST,2,2,57
Wed Jan 08 2020 13:00:00 PST,2,3,92
Wed Jan 08 2020 13:00:00 PST,3,1,79
Wed Jan 08 2020 13:00:00 PST,3,2,57
Wed Jan 08 2020 13:00:00 PST,3,3,76
Wed Jan 08 2020 13:00:00 PST,4,1,167
Wed Jan 08 2020 13:00:00 PST,4,2,57
Wed Jan 08 2020 13:00:00 PST,4,3,#ERROR#
Wed Jan 08 2020 13:15:00 PST,1,1,16
Wed Jan 08 2020 13:15:00 PST,1,2,59
Wed Jan 08 2020 13:15:00 PST,1,3,121
Wed Jan 08 2020 13:15:00 PST,2,1,416
Wed Jan 08 2020 13:15:00 PST,2,2,59
Wed Jan 08 2020 13:15:00 PST,2,3,134
Wed Jan 08 2020 13:15:00 PST,3,1,5
Wed Jan 08 2020 13:15:00 PST,3,2,59
Wed Jan 08 2020 13:15:00 PST,3,3,416
Wed Jan 08 2020 13:15:00 PST,4,1,16
Wed Jan 08 2020 13:15:00 PST,4,2,59
Wed Jan 08 2020 13:15:00 PST,4,3,49
Wed Jan 08 2020 13:30:00 PST,1,1,12
Wed Jan 08 2020 13:30:00 PST,1,2,59
Wed Jan 08 2020 13:30:00 PST,1,3,27
Wed Jan 08 2020 13:30:00 PST,2,1,225
Wed Jan 08 2020 13:30:00 PST,2,2,59
Wed Jan 08 2020 13:30:00 PST,2,3,22
Wed Jan 08 2020 13:30:00 PST,3,1,38
Wed Jan 08 2020 13:30:00 PST,3,2,59
Wed Jan 08 2020 13:30:00 PST,3,3,20
Wed Jan 08 2020 13:30:00 PST,4,1,8
Wed Jan 08 2020 13:30:00 PST,4,2,59
Wed Jan 08 2020 13:30:00 PST,4,3,321
Wed Jan 08 2020 13:45:00 PST,1,1,448
Wed Jan 08 2020 13:45:00 PST,1,2,59
Wed Jan 08 2020 13:45:00 PST,1,3,437
Wed Jan 08 2020 13:45:00 PST,2,1,10
Wed Jan 08 2020 13:45:00 PST,2,2,59
Wed Jan 08 2020 13:45:00 PST,2,3,189
Wed Jan 08 2020 13:45:00 PST,3,1,483
Wed Jan 08 2020 13:45:00 PST,3,2,59
Wed Jan 08 2020 13:45:00 PST,3,3,138
Wed Jan 08 2020 13:45:00 PST,4,1,194
Wed Jan 08 2020 13:45:00 PST,4,2,59
Wed Jan 08 2020 13:45:00 PST,4,3,29
Wed Jan 08 2020 14:00:00 PST,1,1,148
Wed Jan 08 2020 14:00:00 PST,1,2,59
Wed Jan 08 2020 14:00:00 PST,1,3,76
Wed Jan 08 2020 14:00:00 PST,2,1,385
Wed Jan 08 2020 14:00:00 PST,2,2,59
Wed Jan 08 2020 14:00:00 PST,2,3,126
Wed Jan 08 2020 14:00:00 PST,3,1,#NA#
Wed Jan 08 2020 14:00:00 PST,3,2,59
Wed Jan 08 2020 14:00:00 PST,3,3,67
Wed Jan 08 2020 14:00:00 PST,4,1,273
Wed Jan 08 2020 14:00:00 PST,4,2,59
Wed Jan 08 2020 14:00:00 PST,4,3,206
Wed Jan 08 2020 14:15:00 PST,1,1,82
Wed Jan 08 2020 14:15:00 PST,1,2,59
Wed Jan 08 2020 14:15:00 PST,1,3,-91
Wed Jan 08 2020 14:15:00 PST,2,1,244
Wed Jan 08 2020 14:15:00 PST,2,2,59
Wed Jan 08 2020 14:15:00 PST,2,3,405
Wed Jan 08 2020 14:15:00 PST,3,1,177
Wed Jan 08 2020 14:15:00 PST,3,2,59
Wed Jan 08 2020 14:15:00 PST,3,3,95
Wed Jan 08 2020 14:15:00 PST,4,1,73
Wed Jan 08 2020 14:15:00 PST,4,2,59
Wed Jan 08 2020 14:15:00 PST,4,3,312
Wed Jan 08 2020 14:30:00 PST,1,1,347
Wed Jan 08 2020 14:30:00 PST,1,2,62
Wed Jan 08 2020 14:30:00 PST,1,3,281
Wed Jan 08 2020 14:30:00 PST,2,1,121
Wed Jan 08 2020 14:30:00 PST,2,2,62
Wed Jan 08 2020 14:30:00 PST,2,3,16
Wed Jan 08 2020 14:30:00 PST,3,1,148
Wed Jan 08 2020 14:30:00 PST,3,2,62
Wed Jan 08 2020 14:30:00 PST,3,3,312
Wed Jan 08 2020 14:30:00 PST,4,1,13
Wed Jan 08 2020 14:30:00 PST,4,2,62
Wed Jan 08 2020 14:30:00 PST,4,3,231
Wed Jan 08 2020 14:45:00 PST,1,1,#ERROR#
Wed Jan 08 2020 14:45:00 PST,1,2,62
Wed Jan 08 2020 14:45:00 PST,1,3,251
Wed Jan 08 2020 14:45:00 PST,2,1,110
Wed Jan 08 2020 14:45:00 PST,2,2,1118
Wed Jan 08 2020 14:45:00 PST,2,3,416
Wed Jan 08 2020 14:45:00 PST,3,1,143
Wed Jan 08 2020 14:45:00 PST,3,2,62
Wed Jan 08 2020 14:45:00 PST,3,3,189
Wed Jan 08 2020 14:45:00 PST,4,1,54
Wed Jan 08 2020 14:45:00 PST,4,2,62
Wed Jan 08 2020 14:45:00 PST,4,3,152
Wed Jan 08 2020 15:00:00 PST,1,1,49
Wed Jan 08 2020 15:00:00 PST,1,2,62
Wed Jan 08 2020 15:00:00 PST,1,3,231
Wed Jan 08 2020 15:00:00 PST,2,1,437
Wed Jan 08 2020 15:00:00 PST,2,2,62
Wed Jan 08 2020 15:00:00 PST,2,3,57
Wed Jan 08 2020 15:00:00 PST,3,1,85
Wed Jan 08 2020 15:00:00 PST,3,2,62
Wed Jan 08 2020 15:00:00 PST,3,3,5
Wed Jan 08 2020 15:00:00 PST,4,1,167
Wed Jan 08 2020 15:00:00 PST,4,2,62
Wed Jan 08 2020 15:00:00 PST,4,3,329
Wed Jan 08 2020 15:15:00 PST,1,1,47
Wed Jan 08 2020 15:15:00 PST,1,2,#ERROR#
Wed Jan 08 2020 15:15:00 PST,1,3,82
Wed Jan 08 2020 15:15:00 PST,2,1,273
Wed Jan 08 2020 15:15:00 PST,2,2,62
Wed Jan 08 2020 15:15:00 PST,2,3,#NA#
Wed Jan 08 2020 15:15:00 PST,3,1,14
Wed Jan 08 2020 15:15:00 PST,3,2,62
Wed Jan 08 2020 15:15:00 PST,3,3,7
Wed Jan 08 2020 15:15:00 PST,4,1,52
Wed Jan 08 2020 15:15:00 PST,4,2,62
Wed Jan 08 2020 15:15:00 PST,4,3,167
Wed Jan 08 2020 15:30:00 PST,1,1,178
Wed Jan 08 2020 15:30:00 PST,1,2,62
Wed Jan 08 2020 15:30:00 PST,1,3,19
Wed Jan 08 2020 15:30:00 PST,2,1,238
Wed Jan 08 2020 15:30:00 PST,2,2,62
Wed Jan 08 2020 15:30:00 PST,2,3,338
Wed Jan 08 2020 15:30:00 PST,3,1,162
Wed Jan 08 2020 15:30:00 PST,3,2,62
Wed Jan 08 2020 15:30:00 PST,3,3,113
Wed Jan 08 2020 15:30:00 PST,4,1,#NA#
Wed Jan 08 2020 15:30:00 PST,4,2,#ERROR#
Wed Jan 08 2020 15:30:00 PST,4,3,40
Wed Jan 08 2020 15:45:00 PST,1,1,82
Wed Jan 08 2020 15:45:00 PST,1,2,64
Wed Jan 08 2020 15:45:00 PST,1,3,152
Wed Jan 08 2020 15:45:00 PST,2,1,251
Wed Jan 08 2020 15:45:00 PST,2,2,64
Wed Jan 08 2020 15:45:00 PST,2,3,281
Wed Jan 08 2020 15:45:00 PST,3,1,338
Wed Jan 08 2020 15:45:00 PST,3,2,64
Wed Jan 08 2020 15:45:00 PST,3,3,#ERROR#
Wed Jan 08 2020 15:45:00 PST,4,1,356
Wed Jan 08 2020 15:45:00 PST,4,2,64
Wed Jan 08 2020 15:45:00 PST,4,3,194
Wed Jan 08 2020 16:00:00 PST,1,1,546
Wed Jan 08 2020 16:00:00 PST,1,2,64
Wed Jan 08 2020 16:00:00 PST,1,3,375
Wed Jan 08 2020 16:00:00 PST,2,1,-89
Wed Jan 08 2020 16:00:00 PST,2,2,64
Wed Jan 08 2020 16:00:00 PST,2,3,24
Wed Jan 08 2020 16:00:00 PST,3,1,57
Wed Jan 08 2020 16:00:00 PST,3,2,64
Wed Jan 08 2020 16:00:00 PST,3,3,79
Wed Jan 08 2020 16:00:00 PST,4,1,134
Wed Jan 08 2020 16:00:00 PST,4,2,64
Wed Jan 08 2020 16:00:00 PST,4,3,338
Wed Jan 08 2020 16:15:00 PST,1,1,70
Wed Jan 08 2020 16:15:00 PST,1,2,64
Wed Jan 08 2020 16:15:00 PST,1,3,#ERROR#
Wed Jan 08 2020 16:15:00 PST,2,1,10
Wed Jan 08 2020 16:15:00 PST,2,2,64
Wed Jan 08 2020 16:15:00 PST,2,3,17
Wed Jan 08 2020 16:15:00 PST,3,1,70
Wed Jan 08 2020 16:15:00 PST,3,2,64
Wed Jan 08 2020 16:15:00 PST,3,3,14
Wed Jan 08 2020 16:15:00 PST,4,1,366
Wed Jan 08 2020 16:15:00 PST,4,2,-17
Wed Jan 08 2020 16:15:00 PST,4,3,448
Wed Jan 08 2020 16:30:00 PST,1,1,183
Wed Jan 08 2020 16:30:00 PST,1,2,1094
Wed Jan 08 2020 16:30:00 PST,1,3,130
Wed Jan 08 2020 16:30:00 PST,2,1,0
Wed Jan 08 2020 16:30:00 PST,2,2,64
Wed Jan 08 2020 16:30:00 PST,2,3,200
Wed Jan 08 2020 16:30:00 PST,3,1,347
Wed Jan 08 2020 16:30:00 PST,3,2,64
Wed Jan 08 2020 16:30:00 PST,3,3,59
Wed Jan 08 2020 16:30:00 PST,4,1,25
Wed Jan 08 2020 16:30:00 PST,4,2,64
Wed Jan 08 2020 16:30:00 PST,4,3,312
Wed Jan 08 2020 16:45:00 PST,1,1,45
Wed Jan 08 2020 16:45:00 PST,1,2,64
Wed Jan 08 2020 16:45:00 PST,1,3,27
Wed Jan 08 2020 16:45:00 PST,2,1,117
Wed Jan 08 2020 16:45:00 PST,2,2,189
Wed Jan 08 2020 16:45:00 PST,2,3,64
Wed Jan 08 2020 16:45:00 PST,3,1,13
Wed Jan 08 2020 16:45:00 PST,3,2,64
Wed Jan 08 2020 16:45:00 PST,3,3,99
Wed Jan 08 2020 16:45:00 PST,4,1,3
Wed Jan 08 2020 16:45:00 PST,4,2,64
Wed Jan 08 2020 16:45:00 PST,4,3,88
Wed Jan 08 2020 17:00:00 PST,1,1,88
Wed Jan 08 2020 17:00:00 PST,1,2,67
Wed Jan 08 2020 17:00:00 PST,1,3,194
Wed Jan 08 2020 17:00:00 PST,2,1,54
Wed Jan 08 2020 17:00:00 PST,2,2,67
Wed Jan 08 2020 17:00:00 PST,2,3,244
Wed Jan 08 2020 17:00:00 PST,3,1,347
Wed Jan 08 2020 17:00:00 PST,3,2,67
Wed Jan 08 2020 17:00:00 PST,3,3,#ERROR#
Wed Jan 08 2020 17:00:00 PST,4,1,395
Wed Jan 08 2020 17:00:00 PST,4,2,67
Wed Jan 08 2020 17:00:00 PST,4,3,88
Wed Jan 08 2020 17:15:00 PST,1,1,375
Wed Jan 08 2020 17:15:00 PST,1,2,67
Wed Jan 08 2020 17:15:00 PST,1,3,36
Wed Jan 08 2020 17:15:00 PST,2,1,113
Wed Jan 08 2020 17:15:00 PST,2,2,67
Wed Jan 08 2020 17:15:00 PST,2,3,67
Wed Jan 08 2020 17:15:00 PST,3,1,#ERROR#
Wed Jan 08 2020 17:15:00 PST,3,2,67
Wed Jan 08 2020 17:15:00 PST,3,3,296
Wed Jan 08 2020 17:15:00 PST,4,1,64
Wed Jan 08 2020 17:15:00 PST,4,2,67
Wed Jan 08 2020 17:15:00 PST,4,3,82
Wed Jan 08 2020 17:30:00 PST,1,1,38
Wed Jan 08 2020 17:30:00 PST,1,2,67
Wed Jan 08 2020 17:30:00 PST,1,3,43
Wed Jan 08 2020 17:30:00 PST,2,1,200
Wed Jan 08 2020 17:30:00 PST,2,2,67
Wed Jan 08 2020 17:30:00 PST,2,3,52
Wed Jan 08 2020 17:30:00 PST,3,1,178
Wed Jan 08 2020 17:30:00 PST,3,2,67
Wed Jan 08 2020 17:30:00 PST,3,3,437
Wed Jan 08 2020 17:30:00 PST,4,1,231
Wed Jan 08 2020 17:30:00 PST,4,2,67
Wed Jan 08 2020 17:30:00 PST,4,3,106
Wed Jan 08 2020 17:45:00 PST,1,1,238
Wed Jan 08 2020 17:45:00 PST,1,2,67
Wed Jan 08 2020 17:45:00 PST,1,3,170
Wed Jan 08 2020 17:45:00 PST,2,1,8
Wed Jan 08 2020 17:45:00 PST,2,2,67
Wed Jan 08 2020 17:45:00 PST,2,3,152
Wed Jan 08 2020 17:45:00 PST,3,1,2
Wed Jan 08 2020 17:45:00 PST,3,2,187
Wed Jan 08 2020 17:45:00 PST,3,3,238
Wed Jan 08 2020 17:45:00 PST,4,1,64
Wed Jan 08 2020 17:45:00 PST,4,2,67
Wed Jan 08 2020 17:45:00 PST,4,3,189
Wed Jan 08 2020 18:00:00 PST,1,1,321
Wed Jan 08 2020 18:00:00 PST,1,2,67
Wed Jan 08 2020 18:00:00 PST,1,3,16
Wed Jan 08 2020 18:00:00 PST,2,1,#ERROR#
Wed Jan 08 2020 18:00:00 PST,2,2,67
Wed Jan 08 2020 18:00:00 PST,2,3,47
Wed Jan 08 2020 18:00:00 PST,3,1,54
Wed Jan 08 2020 18:00:00 PST,3,2,67
Wed Jan 08 2020 18:00:00 PST,3,3,200
Wed Jan 08 2020 18:00:00 PST,4,1,395
Wed Jan 08 2020 18:00:00 PST,4,2,67
Wed Jan 08 2020 18:00:00 PST,4,3,24
Wed Jan 08 2020 18:15:00 PST,1,1,99
Wed Jan 08 2020 18:15:00 PST,1,2,70
Wed Jan 08 2020 18:15:00 PST,1,3,25
Wed Jan 08 2020 18:15:00 PST,2,1,9
Wed Jan 08 2020 18:15:00 PST,2,2,70
Wed Jan 08 2020 18:15:00 PST,2,3,85
Wed Jan 08 2020 18:15:00 PST,3,1,36
Wed Jan 08 2020 18:15:00 PST,3,2,70
Wed Jan 08 2020 18:15:00 PST,3,3,426
Wed Jan 08 2020 18:15:00 PST,4,1,73
Wed Jan 08 2020 18:15:00 PST,4,2,-9
Wed Jan 08 2020 18:15:00 PST,4,3,347
Wed Jan 08 2020 18:30:00 PST,1,1,183
Wed Jan 08 2020 18:30:00 PST,1,2,70
Wed Jan 08 2020 18:30:00 PST,1,3,92
Wed Jan 08 2020 18:30:00 PST,2,1,437
Wed Jan 08 2020 18:30:00 PST,2,2,70
Wed Jan 08 2020 18:30:00 PST,2,3,57
Wed Jan 08 2020 18:30:00 PST,3,1,8
Wed Jan 08 2020 18:30:00 PST,3,2,70
Wed Jan 08 2020 18:30:00 PST,3,3,126
Wed Jan 08 2020 18:30:00 PST,4,1,#NA#
Wed Jan 08 2020 18:30:00 PST,4,2,70
Wed Jan 08 2020 18:30:00 PST,4,3,52
Wed Jan 08 2020 18:45:00 PST,1,1,375
Wed Jan 08 2020 18:45:00 PST,1,2,70
Wed Jan 08 2020 18:45:00 PST,1,3,157
Wed Jan 08 2020 18:45:00 PST,2,1,-51
Wed Jan 08 2020 18:45:00 PST,2,2,70
Wed Jan 08 2020 18:45:00 PST,2,3,258
Wed Jan 08 2020 18:45:00 PST,3,1,183
Wed Jan 08 2020 18:45:00 PST,3,2,70
Wed Jan 08 2020 18:45:00 PST,3,3,206
Wed Jan 08 2020 18:45:00 PST,4,1,130
Wed Jan 08 2020 18:45:00 PST,4,2,70
Wed Jan 08 2020 18:45:00 PST,4,3,99
Wed Jan 08 2020 19:00:00 PST,1,1,14
Wed Jan 08 2020 19:00:00 PST,1,2,70
Wed Jan 08 2020 19:00:00 PST,1,3,3
Wed Jan 08 2020 19:00:00 PST,2,1,-74
Wed Jan 08 2020 19:00:00 PST,2,2,70
Wed Jan 08 2020 19:00:00 PST,2,3,102
Wed Jan 08 2020 19:00:00 PST,3,1,#ERROR#
Wed Jan 08 2020 19:00:00 PST,3,2,70
Wed Jan 08 2020 19:00:00 PST,3,3,143
Wed Jan 08 2020 19:00:00 PST,4,1,70
Wed Jan 08 2020 19:00:00 PST,4,2,70
Wed Jan 08 2020 19:00:00 PST,4,3,375
Wed Jan 08 2020 19:15:00 PST,1,1,7
Wed Jan 08 2020 19:15:00 PST,1,2,70
Wed Jan 08 2020 19:15:00 PST,1,3,157
Wed Jan 08 2020 19:15:00 PST,2,1,385
Wed Jan 08 2020 19:15:00 PST,2,2,70
Wed Jan 08 2020 19:15:00 PST,2,3,238
Wed Jan 08 2020 19:15:00 PST,3,1,1
Wed Jan 08 2020 19:15:00 PST,3,2,70
Wed Jan 08 2020 19:15:00 PST,3,3,59
Wed Jan 08 2020 19:15:00 PST,4,1,1
Wed Jan 08 2020 19:15:00 PST,4,2,70
Wed Jan 08 2020 19:15:00 PST,4,3,172
Wed Jan 08 2020 19:30:00 PST,1,1,134
Wed Jan 08 2020 19:30:00 PST,1,2,73
Wed Jan 08 2020 19:30:00 PST,1,3,162
Wed Jan 08 2020 19:30:00 PST,2,1,59
Wed Jan 08 2020 19:30:00 PST,2,2,#ERROR#
Wed Jan 08 2020 19:30:00 PST,2,3,9
Wed Jan 08 2020 19:30:00 PST,3,1,218
Wed Jan 08 2020 19:30:00 PST,3,2,73
Wed Jan 08 2020 19:30:00 PST,3,3,426
Wed Jan 08 2020 19:30:00 PST,4,1,70
Wed Jan 08 2020 19:30:00 PST,4,2,73
Wed Jan 08 2020 19:30:00 PST,4,3,312
Wed Jan 08 2020 19:45:00 PST,1,1,82
Wed Jan 08 2020 19:45:00 PST,1,2,73
Wed Jan 08 2020 19:45:00 PST,1,3,225
Wed Jan 08 2020 19:45:00 PST,2,1,0
Wed Jan 08 2020 19:45:00 PST,2,2,73
Wed Jan 08 2020 19:45:00 PST,2,3,43
Wed Jan 08 2020 19:45:00 PST,3,1,0
Wed Jan 08 2020 19:45:00 PST,3,2,73
Wed Jan 08 2020 19:45:00 PST,3,3,-82
Wed Jan 08 2020 19:45:00 PST,4,1,405
Wed Jan 08 2020 19:45:00 PST,4,2,73
Wed Jan 08 2020 19:45:00 PST,4,3,157
Wed Jan 08 2020 20:00:00 PST,1,1,416
Wed Jan 08 2020 20:00:00 PST,1,2,73
Wed Jan 08 2020 20:00:00 PST,1,3,281
Wed Jan 08 2020 20:00:00 PST,2,1,321
Wed Jan 08 2020 20:00:00 PST,2,2,73
Wed Jan 08 2020 20:00:00 PST,2,3,356
Wed Jan 08 2020 20:00:00 PST,3,1,251
Wed Jan 08 2020 20:00:00 PST,3,2,73
Wed Jan 08 2020 20:00:00 PST,3,3,218
Wed Jan 08 2020 20:00:00 PST,4,1,73
Wed Jan 08 2020 20:00:00 PST,4,2,73
Wed Jan 08 2020 20:00:00 PST,4,3,375
Wed Jan 08 2020 20:15:00 PST,1,1,134
Wed Jan 08 2020 20:15:00 PST,1,2,73
Wed Jan 08 2020 20:15:00 PST,1,3,64
Wed Jan 08 2020 20:15:00 PST,2,1,356
Wed Jan 08 2020 20:15:00 PST,2,2,73
Wed Jan 08 2020 20:15:00 PST,2,3,17
Wed Jan 08 2020 20:15:00 PST,3,1,405
Wed Jan 08 2020 20:15:00 PST,3,2,73
Wed Jan 08 2020 20:15:00 PST,3,3,36
Wed Jan 08 2020 20:15:00 PST,4,1,14
Wed Jan 08 2020 20:15:00 PST,4,2,73
Wed Jan 08 2020 20:15:00 PST,4,3,13
Wed Jan 08 2020 20:30:00 PST,1,1,82
Wed Jan 08 2020 20:30:00 PST,1,2,73
Wed Jan 08 2020 20:30:00 PST,1,3,99
Wed Jan 08 2020 20:30:00 PST,2,1,0
Wed Jan 08 2020 20:30:00 PST,2,2,73
Wed Jan 08 2020 20:30:00 PST,2,3,2
Wed Jan 08 2020 20:30:00 PST,3,1,321
Wed Jan 08 2020 20:30:00 PST,3,2,73
Wed Jan 08 2020 20:30:00 PST,3,3,32
Wed Jan 08 2020 20:30:00 PST,4,1,#NA#
Wed Jan 08 2020 20:30:00 PST,4,2,73
Wed Jan 08 2020 20:30:00 PST,4,3,29
Wed Jan 08 2020 20:45:00 PST,1,1,312
Wed Jan 08 2020 20:45:00 PST,1,2,-12
Wed Jan 08 2020 20:45:00 PST,1,3,99
Wed Jan 08 2020 20:45:00 PST,2,1,416
Wed Jan 08 2020 20:45:00 PST,2,2,76
Wed Jan 08 2020 20:45:00 PST,2,3,251
Wed Jan 08 2020 20:45:00 PST,3,1,225
Wed Jan 08 2020 20:45:00 PST,3,2,76
Wed Jan 08 2020 20:45:00 PST,3,3,16
Wed Jan 08 2020 20:45:00 PST,4,1,29
Wed Jan 08 2020 20:45:00 PST,4,2,76
Wed Jan 08 2020 20:45:00 PST,4,3,437
Wed Jan 08 2020 21:00:00 PST,1,1,88
Wed Jan 08 2020 21:00:00 PST,1,2,76
Wed Jan 08 2020 21:00:00 PST,1,3,#ERROR#
Wed Jan 08 2020 21:00:00 PST,2,1,73
Wed Jan 08 2020 21:00:00 PST,2,2,76
Wed Jan 08 2020 21:00:00 PST,2,3,25
Wed Jan 08 2020 21:00:00 PST,3,1,3
Wed Jan 08 2020 21:00:00 PST,3,2,76
Wed Jan 08 2020 21:00:00 PST,3,3,416
Wed Jan 08 2020 21:00:00 PST,4,1,#NA#
Wed Jan 08 2020 21:00:00 PST,4,2,76
Wed Jan 08 2020 21:00:00 PST,4,3,448
Wed Jan 08 2020 21:15:00 PST,1,1,172
Wed Jan 08 2020 21:15:00 PST,1,2,76
Wed Jan 08 2020 21:15:00 PST,1,3,1
Wed Jan 08 2020 21:15:00 PST,2,1,76
Wed Jan 08 2020 21:15:00 PST,2,2,76
Wed Jan 08 2020 21:15:00 PST,2,3,8
Wed Jan 08 2020 21:15:00 PST,3,1,36
Wed Jan 08 2020 21:15:00 PST,3,2,76
Wed Jan 08 2020 21:15:00 PST,3,3,57
Wed Jan 08 2020 21:15:00 PST,4,1,40
Wed Jan 08 2020 21:15:00 PST,4,2,76
Wed Jan 08 2020 21:15:00 PST,4,3,95
Wed Jan 08 2020 21:30:00 PST,1,1,296
Wed Jan 08 2020 21:30:00 PST,1,2,76
Wed Jan 08 2020 21:30:00 PST,1,3,32
Wed Jan 08 2020 21:30:00 PST,2,1,375
Wed Jan 08 2020 21:30:00 PST,2,2,-36
Wed Jan 08 2020 21:30:00 PST,2,3,52
Wed Jan 08 2020 21:30:00 PST,3,1,2
Wed Jan 08 2020 21:30:00 PST,3,2,-41
Wed Jan 08 2020 21:30:00 PST,3,3,231
Wed Jan 08 2020 21:30:00 PST,4,1,138
Wed Jan 08 2020 21:30:00 PST,4,2,76
Wed Jan 08 2020 21:30:00 PST,4,3,148
Wed Jan 08 2020 21:45:00 PST,1,1,206
Wed Jan 08 2020 21:45:00 PST,1,2,76
Wed Jan 08 2020 21:45:00 PST,1,3,189
Wed Jan 08 2020 21:45:00 PST,2,1,281
Wed Jan 08 2020 21:45:00 PST,2,2,76
Wed Jan 08 2020 21:45:00 PST,2,3,126
Wed Jan 08 2020 21:45:00 PST,3,1,2
Wed Jan 08 2020 21:45:00 PST,3,2,76
Wed Jan 08 2020 21:45:00 PST,3,3,426
Wed Jan 08 2020 21:45:00 PST,4,1,225
Wed Jan 08 2020 21:45:00 PST,4,2,76
Wed Jan 08 2020 21:45:00 PST,4,3,95
Wed Jan 08 2020 22:00:00 PST,1,1,130
Wed Jan 08 2020 22:00:00 PST,1,2,79
Wed Jan 08 2020 22:00:00 PST,1,3,266
Wed Jan 08 2020 22:00:00 PST,2,1,12
Wed Jan 08 2020 22:00:00 PST,2,2,79
Wed Jan 08 2020 22:00:00 PST,2,3,88
Wed Jan 08 2020 22:00:00 PST,3,1,162
Wed Jan 08 2020 22:00:00 PST,3,2,79
Wed Jan 08 2020 22:00:00 PST,3,3,288
Wed Jan 08 2020 22:00:00 PST,4,1,19
Wed Jan 08 2020 22:00:00 PST,4,2,79
Wed Jan 08 2020 22:00:00 PST,4,3,43
Wed Jan 08 2020 22:15:00 PST,1,1,172
Wed Jan 08 2020 22:15:00 PST,1,2,79
Wed Jan 08 2020 22:15:00 PST,1,3,288
Wed Jan 08 2020 22:15:00 PST,2,1,113
Wed Jan 08 2020 22:15:00 PST,2,2,79
Wed Jan 08 2020 22:15:00 PST,2,3,43
Wed Jan 08 2020 22:15:00 PST,3,1,38
Wed Jan 08 2020 22:15:00 PST,3,2,79
Wed Jan 08 2020 22:15:00 PST,3,3,189
Wed Jan 08 2020 22:15:00 PST,4,1,#ERROR#
Wed Jan 08 2020 22:15:00 PST,4,2,79
Wed Jan 08 2020 22:15:00 PST,4,3,117
Wed Jan 08 2020 22:30:00 PST,1,1,448
Wed Jan 08 2020 22:30:00 PST,1,2,79
Wed Jan 08 2020 22:30:00 PST,1,3,126
Wed Jan 08 2020 22:30:00 PST,2,1,4
Wed Jan 08 2020 22:30:00 PST,2,2,79
Wed Jan 08 2020 22:30:00 PST,2,3,225
Wed Jan 08 2020 22:30:00 PST,3,1,218
Wed Jan 08 2020 22:30:00 PST,3,2,79
Wed Jan 08 2020 22:30:00 PST,3,3,29
Wed Jan 08 2020 22:30:00 PST,4,1,356
Wed Jan 08 2020 22:30:00 PST,4,2,79
Wed Jan 08 2020 22:30:00 PST,4,3,130
Wed Jan 08 2020 22:45:00 PST,1,1,67
Wed Jan 08 2020 22:45:00 PST,1,2,#ERROR#
Wed Jan 08 2020 22:45:00 PST,1,3,162
Wed Jan 08 2020 22:45:00 PST,2,1,231
Wed Jan 08 2020 22:45:00 PST,2,2,79
Wed Jan 08 2020 22:45:00 PST,2,3,92
Wed Jan 08 2020 22:45:00 PST,3,1,113
Wed Jan 08 2020 22:45:00 PST,3,2,79
Wed Jan 08 2020 22:45:00 PST,3,3,189
Wed Jan 08 2020 22:45:00 PST,4,1,16
Wed Jan 08 2020 22:45:00 PST,4,2,79
Wed Jan 08 2020 22:45:00 PST,4,3,296
Wed Jan 08 2020 23:00:00 PST,1,1,52
Wed Jan 08 2020 23:00:00 PST,1,2,79
Wed Jan 08 2020 23:00:00 PST,1,3,106
Wed Jan 08 2020 23:00:00 PST,2,1,273
Wed Jan 08 2020 23:00:00 PST,2,2,79
Wed Jan 08 2020 23:00:00 PST,2,3,38
Wed Jan 08 2020 23:00:00 PST,3,1,117
Wed Jan 08 2020 23:00:00 PST,3,2,79
Wed Jan 08 2020 23:00:00 PST,3,3,206
Wed Jan 08 2020 23:00:00 PST,4,1,38
Wed Jan 08 2020 23:00:00 PST,4,2,79
Wed Jan 08 2020 23:00:00 PST,4,3,288
Wed Jan 08 2020 23:15:00 PST,1,1,130
Wed Jan 08 2020 23:15:00 PST,1,2,#ERROR#
Wed Jan 08 2020 23:15:00 PST,1,3,321
Wed Jan 08 2020 23:15:00 PST,2,1,79
Wed Jan 08 2020 23:15:00 PST,2,2,82
Wed Jan 08 2020 23:15:00 PST,2,3,24
Wed Jan 08 2020 23:15:00 PST,3,1,62
Wed Jan 08 2020 23:15:00 PST,3,2,82
Wed Jan 08 2020 23:15:00 PST,3,3,#ERROR#
Wed Jan 08 2020 23:15:00 PST,4,1,385
Wed Jan 08 2020 23:15:00 PST,4,2,82
Wed Jan 08 2020 23:15:00 PST,4,3,329
Wed Jan 08 2020 23:30:00 PST,1,1,47
Wed Jan 08 2020 23:30:00 PST,1,2,82
Wed Jan 08 2020 23:30:00 PST,1,3,8
Wed Jan 08 2020 23:30:00 PST,2,1,157
Wed Jan 08 2020 23:30:00 PST,2,2,82
Wed Jan 08 2020 23:30:00 PST,2,3,162
Wed Jan 08 2020 23:30:00 PST,3,1,47
Wed Jan 08 2020 23:30:00 PST,3,2,82
Wed Jan 08 2020 23:30:00 PST,3,3,45
Wed Jan 08 2020 23:30:00 PST,4,1,17
Wed Jan 08 2020 23:30:00 PST,4,2,#ERROR#
Wed Jan 08 2020 23:30:00 PST,4,3,329
Wed Jan 08 2020 23:45:00 PST,1,1,281
Wed Jan 08 2020 23:45:00 PST,1,2,82
Wed Jan 08 2020 23:45:00 PST,1,3,520
Wed Jan 08 2020 23:45:00 PST,2,1,416
Wed Jan 08 2020 23:45:00 PST,2,2,82
Wed Jan 08 2020 23:45:00 PST,2,3,102
Wed Jan 08 2020 23:45:00 PST,3,1,38
Wed Jan 08 2020 23:45:00 PST,3,2,82
Wed Jan 08 2020 23:45:00 PST,3,3,29
Wed Jan 08 2020 23:45:00 PST,4,1,34
Wed Jan 08 2020 23:45:00 PST,4,2,82
Wed Jan 08 2020 23:45:00 PST,4,3,59
